review_id,source,rating,title,text,created_at,reviewer_country,persona,overall_sentiment,star_text_mismatch,is_foodhub,aspects
google_play:40c6616c-a093-4a6b-a94a-e582341c6324,google_play,1,,The experience is really terrible. You never receive an Otp or an email. How are we supposed to verify our account or sign up with out receiving any?,2025-09-24 01:31:22,GB,diner,negative,False,True,App Reliability & Usability:negative:3
google_play:37939308-ea3a-435d-be7d-799a70fad04e,google_play,1,,order doesn't get delivered in the time is suggested maximum time.at least 15 -20 mins late. not good enough when paying £4.50 delivery 😕,2025-09-25 00:44:06,GB,diner,negative,False,True,Delivery Time & Tracking:negative:2
google_play:b890aec1-04ff-4d93-bbbe-7138bbcc84c0,google_play,5,,very good service and excellent quality and very helpful and very friendly,2025-09-25 20:09:06,GB,diner,positive,False,True,
google_play:d211910d-ee4f-4d57-80c7-328839e4a5fe,google_play,3,,"easy to use, but doesn't deduct % off when stated.",2025-09-25 21:19:38,GB,diner,neutral,False,True,"Pricing, Fees & Promotions:negative:2|App Reliability & Usability:positive"
google_play:22860eba-344b-41af-b7c5-73b1b6c41526,google_play,1,,Feedback and refund on app don't work can't add photos and locks up,2025-09-25 23:19:39,GB,diner,negative,False,True,App Reliability & Usability:negative:2|Refunds & Complaint Handling:negative:2
google_play:e2cee321-66c1-4407-89fd-b06ae2024abd,google_play,2,,"food came earlier than expected which is good but it was absolutely stone cold on arrival also said id get a £3 off first order discount code then dissappeared before I could get it, very miss leading app I think ill stick to justeat",2025-09-25 23:22:15,GB,diner,negative,False,True,"Competitive Comparison:negative:1|Pricing, Fees & Promotions:negative:1|Food Quality & Safety:negative:2|Delivery Time & Tracking:positive"
google_play:4a9e4fd6-2259-4bc2-84d3-596f47cb3e7d,google_play,1,,clunky and long winded and I don't like that it wants access to my FB or other accounts!!,2025-09-26 02:08:57,GB,diner,negative,False,True,App Reliability & Usability:negative:1
google_play:8ddece16-0406-48ce-b079-953d003d5704,google_play,5,,"easy to order from, hassle free.",2025-09-26 23:50:08,GB,diner,positive,False,True,App Reliability & Usability:positive
google_play:e82b1d29-da03-48aa-86e4-7b7dcb813c03,google_play,1,,orders are not on app only re orders so you cant click on it to see were it it on tracking like on other delivery apps,2025-09-27 00:25:32,GB,diner,negative,False,True,Competitive Comparison:negative:1|Delivery Time & Tracking:negative:1|App Reliability & Usability:negative:2
google_play:2120c8ed-043e-4a8c-baa8-73c7a422e0ee,google_play,2,,This application is not intuitive or responsive to issues with orders 🤔 You just can't beat Deliveroo!,2025-09-28 03:14:21,GB,diner,negative,False,True,Competitive Comparison:negative:2|App Reliability & Usability:negative:2
google_play:f4328acc-475e-4947-8597-3fec782f6180,google_play,1,,the takeaway is closed but you still take my money,2025-09-28 03:54:28,GB,diner,negative,False,True,Restaurant Listings & Trust:negative:3
google_play:2bc834b1-5626-4b02-a9e6-df6d85784df2,google_play,5,,brilliant service,2025-09-28 15:07:37,GB,diner,positive,False,True,
google_play:9cb516c0-ca7e-433e-9ed8-fea2c4cb1535,google_play,5,,love hen house,2025-09-30 20:25:21,GB,diner,positive,False,True,
google_play:fd65311c-9dcf-44a2-b6be-1813a39cee31,google_play,5,,cheapest food delivery service I've ever used,2025-09-30 21:58:04,GB,diner,positive,False,True,"Pricing, Fees & Promotions:positive"
google_play:069b7136-f737-4d1e-8ac6-0013886bfd43,google_play,5,,moist,2025-09-30 23:19:57,GB,diner,positive,False,True,Food Quality & Safety:positive
google_play:fd0c013f-4618-4670-9dee-f24ed3fc4d15,google_play,4,,Good,2025-10-01 21:01:32,GB,unknown,positive,False,True,
google_play:e84beeaa-5fc1-4679-ab71-fc8530a83022,google_play,5,,all good easy to use,2025-10-01 22:40:35,GB,diner,positive,False,True,App Reliability & Usability:positive
google_play:236f87f8-38ae-4128-8431-3b15ff91c791,google_play,5,,fab 👌 😋,2025-10-01 23:49:49,GB,diner,positive,False,True,
google_play:c832ff04-74c3-4dce-a479-f2dda86e7043,google_play,3,,"The app is good in terms of how smoothly it operates. It would be much better if it had more accuracy and better updates regarding delivery. ADDED - I still think this app needs better accuracy with the updates. I get privacy and security, but at least add a ""delivering"" in between ""cooking"" and ""delivered"" for all.",2025-10-02 03:37:12,GB,diner,neutral,False,True,Delivery Time & Tracking:negative:2|App Reliability & Usability:positive
google_play:d41bbf4c-4c0d-4960-a7ab-aa90b7378bb4,google_play,5,,easy and quick to ordering,2025-10-02 21:56:05,GB,diner,positive,False,True,App Reliability & Usability:positive
google_play:e35d9a8a-5a26-4cdc-85b3-be9d7382a66b,google_play,5,,Great easy to use and good value price,2025-10-02 23:02:59,GB,diner,positive,False,True,"Pricing, Fees & Promotions:positive|App Reliability & Usability:positive"
google_play:6f604e4e-6cc0-4eb4-aee1-d15c8935228b,google_play,5,,"highly rate this app,its cheaper and loads easier than just eat.",2025-10-02 23:57:18,GB,diner,positive,False,True,"Competitive Comparison:positive|App Reliability & Usability:positive|Pricing, Fees & Promotions:positive"
google_play:dce8f848-f38a-46ce-9cda-00b510637002,google_play,5,,easy and cheap compared another delivery app!,2025-10-03 00:31:00,GB,diner,positive,False,True,"Pricing, Fees & Promotions:positive|App Reliability & Usability:positive"
google_play:56d36155-ea73-4f1c-8c10-2bc86e7df203,google_play,1,,you take money and run. app doesnt work when something is wrong and you're not interested when you connect directly,2025-10-03 01:09:25,GB,diner,negative,False,True,Restaurant Listings & Trust:negative:2|Refunds & Complaint Handling:negative:3
google_play:d2a26d26-46c2-48dc-9fbd-7883f5684bdd,google_play,5,,"I find this app very easy to use, lots of takeaway's to choose from.",2025-10-03 21:18:31,GB,diner,positive,False,True,App Reliability & Usability:positive
google_play:9b5e7ce1-d835-4ff9-860e-5073b15f8cda,google_play,5,,easy app to use,2025-10-03 23:01:02,GB,diner,positive,False,True,App Reliability & Usability:positive
google_play:d262189d-d8dc-4e78-a956-8262fe4f5e92,google_play,5,,brilliant,2025-10-03 23:36:29,GB,diner,positive,False,True,
google_play:f101b20a-643a-42ca-92f6-78bd3689707b,google_play,5,,easy to navigate and order,2025-10-03 23:49:51,GB,diner,positive,False,True,App Reliability & Usability:positive
google_play:47634dc6-4aae-4cee-808e-0d15aa3b6bfd,google_play,5,,Great app and easy to use with no problems so far.,2025-10-04 23:17:01,GB,diner,positive,False,True,App Reliability & Usability:positive
google_play:5b014f50-e884-4653-a3ef-1c5cfb5a66eb,google_play,5,,"So far so good, I like the focus on local independent businesses and the overall browsing experience is good 😊",2025-10-05 00:39:02,GB,diner,positive,False,True,App Reliability & Usability:positive
google_play:67219522-9891-40ed-8ecb-bde8c4ce9987,google_play,5,,good,2025-10-05 01:06:20,GB,diner,positive,False,True,
google_play:1d45e23c-60df-4ed8-9ef7-bfabef17c617,google_play,5,,Tip Top ... Always,2025-10-05 01:42:19,GB,diner,positive,False,True,
google_play:4c037382-bf03-42b6-b99d-66dc0d44be5d,google_play,1,,food did not turn up,2025-10-05 17:10:57,GB,diner,negative,False,True,Delivery Time & Tracking:negative:3
google_play:b6af063b-d043-4a8f-8f98-317da718ca32,google_play,5,,very good and easy to use,2025-10-05 22:35:40,GB,diner,positive,False,True,App Reliability & Usability:positive
google_play:ba063746-8e69-4dd4-a347-1ad9987842f5,google_play,5,,ebike,2025-10-05 23:03:22,GB,unknown,neutral,False,True,
google_play:c4643f3f-d3c4-43e4-ac52-9d62b585dd7d,google_play,1,,first order.. nothing... still waiting confirmation ½ hour after order placed. unimpressed and uninstalled,2025-10-05 23:58:19,GB,diner,negative,False,True,App Reliability & Usability:negative:3
google_play:e7b4506a-9868-4470-93a3-8d52765f1e00,google_play,4,,Still bleddy ansome food from Adam n Sara and Team.xxx Thank you guys.xxx. LyndZ.😘😘,2025-10-06 00:03:51,GB,diner,positive,False,True,Food Quality & Safety:positive
google_play:4dc061f6-9be2-46ed-bf49-2afae441554e,google_play,5,,very good experience and not over priced like uber eats,2025-10-06 02:54:07,GB,diner,positive,False,True,"Competitive Comparison:positive|Pricing, Fees & Promotions:positive"
google_play:a6669163-ffe8-4791-bbb1-f809301ff37b,google_play,3,,It would help if you knew when your food was on its way,2025-10-06 22:48:41,GB,diner,negative,False,True,Delivery Time & Tracking:negative:1
google_play:e18578a7-bf50-4d7f-a260-4216a9ec6db0,google_play,5,,excellent,2025-10-07 05:20:06,GB,unknown,positive,False,True,
google_play:43b97c71-7d19-49b0-899e-4c9c7f39276d,google_play,5,,absolutely love this app just wish all takeaways have the same discounts like our favourite one smokey pizza I swear this pizza place is the best,2025-10-07 20:23:40,GB,diner,positive,False,True,"Pricing, Fees & Promotions:negative:1"
google_play:d65ad89e-8abc-4f06-8f30-8cb20fadaa03,google_play,5,,quick to download and order,2025-10-07 20:30:56,GB,diner,positive,False,True,App Reliability & Usability:positive
google_play:46c4da7e-9cd6-4717-b57e-94be62e55e5a,google_play,5,,very good,2025-10-07 20:35:48,GB,diner,positive,False,True,
google_play:87407e1d-bebf-4424-b7b2-458f3f6487ff,google_play,5,,"very simple to order, everything is clearly marked and easy to find",2025-10-08 23:23:17,GB,diner,positive,False,True,App Reliability & Usability:positive
google_play:a186d907-3074-4ffd-a38a-869d38aa35db,google_play,5,,good,2025-10-10 22:42:36,GB,diner,positive,False,True,
google_play:4ff23391-878e-44a6-b1c0-60e2ae655111,google_play,4,,quick delivery and hot food. easy to use app. would use again,2025-10-10 23:53:52,GB,diner,positive,False,True,App Reliability & Usability:positive|Food Quality & Safety:positive|Delivery Time & Tracking:positive
google_play:221b239f-dc9b-4ec5-9f9c-963a3158cc89,google_play,5,,excellent service,2025-10-11 00:17:15,GB,diner,positive,False,True,
google_play:0791f3c0-403f-488f-8cda-bf6143c4de19,google_play,5,,quick and easy to use. great app..,2025-10-11 00:26:20,GB,diner,positive,False,True,App Reliability & Usability:positive
google_play:68b3102e-042a-4ab2-8582-48f11a306946,google_play,1,,food came and very disappointed it was everywhere we have ordered from here a few times and this is the 2nd time it has happened it's a shame cause it is one of the best about but the curry ends up every where,2025-10-11 00:44:50,GB,diner,negative,False,True,Food Quality & Safety:negative:2
google_play:1cd29ed9-d9aa-4cbc-9c1c-6522cdc12efb,google_play,4,,very easy to use,2025-10-11 20:55:35,GB,diner,positive,False,True,App Reliability & Usability:positive
google_play:7bcf3785-414d-471b-a2d4-8b2917f34cb3,google_play,5,,easy to use,2025-10-11 21:27:56,GB,diner,positive,False,True,App Reliability & Usability:positive
google_play:422d287b-29fe-48c5-9291-a407013179dd,google_play,5,,very good service,2025-10-11 21:33:37,GB,diner,positive,False,True,
google_play:44160a49-66da-4181-b1cf-1e1e484cf676,google_play,5,,always easy to use,2025-10-11 21:33:38,GB,diner,positive,False,True,App Reliability & Usability:positive
google_play:872cc00c-dfce-4ade-9275-b8e3ec85d203,google_play,5,,good,2025-10-11 21:57:25,GB,diner,positive,False,True,
google_play:a98ef5e1-b720-4ee5-ac32-36d7fcd84756,google_play,5,,good,2025-10-11 22:02:55,GB,diner,positive,False,True,
google_play:7ce10d92-6759-43b8-bb6f-392ce20e2a34,google_play,5,,always easy,2025-10-11 23:02:12,GB,diner,positive,False,True,App Reliability & Usability:positive
google_play:0ebc3b78-382b-4d54-a974-dec1dad5cc9b,google_play,5,,Always gets us fed!,2025-10-11 23:07:16,GB,diner,positive,False,True,
google_play:7f97aaf0-ae2d-41ce-af1c-d29150b1b3d8,google_play,5,,brilliant,2025-10-12 00:04:18,GB,diner,positive,False,True,
google_play:e30cf558-6a22-4945-b9af-6f9d539b780d,google_play,2,,order allways take too long an hour and half when it's a 10mins away,2025-10-12 00:24:44,GB,diner,negative,False,True,Delivery Time & Tracking:negative:2
google_play:2bc300e8-6422-4e6d-8a43-4c2e4dd4ad4a,google_play,1,,"my feed did not arrive, tried to phone no answer",2025-10-12 00:34:17,GB,diner,negative,False,True,Refunds & Complaint Handling:negative:2|Delivery Time & Tracking:negative:3
google_play:c21ee386-2c2b-41c5-acd8-4bed0997c379,google_play,5,,never bad!,2025-10-12 23:09:27,GB,diner,positive,False,True,
google_play:fe4c029d-e08d-436c-a521-6446e492d6c0,google_play,1,,"Absolutely disgraceful, it has taken money out of my account several times, support was no use, no actual food order was taken so no food, loads of money taken and all they can do is issue refunds that will take 3-5 working days! Bank overdrawn, no treat tea and nothing offered in return for spending over 2 hours trying to get support! I won't ever trust this site again and hopefully no one else has to go through this! Angry doesn't cover it! I'm not one to moan usually but this has taken the P*",2025-10-12 23:13:25,GB,diner,negative,False,True,Refunds & Complaint Handling:negative:3|Payments & Checkout:negative:3
google_play:31de8209-a627-46cb-8d10-ae03d4a51359,google_play,5,,Does the job. But cheaper. 👍.,2025-10-13 00:38:21,GB,diner,positive,False,True,"Pricing, Fees & Promotions:positive"
google_play:2d644aa3-d737-4dfa-88b6-eb1494c925f2,google_play,5,,"Much cheaper than the main apps, cheaper for the takeaways, more discounts on offer. Win win!",2025-10-13 01:32:22,GB,diner,positive,False,True,"Pricing, Fees & Promotions:positive"
google_play:d46a4504-8678-4622-bd06-0184f82f87d3,google_play,5,,it's amazing,2025-10-15 02:40:16,GB,diner,positive,False,True,
google_play:e4e93e41-f04a-4d9f-b076-dced8e0c2dca,google_play,5,,fast delivery gorgeous food,2025-10-15 02:55:49,GB,diner,positive,False,True,Food Quality & Safety:positive|Delivery Time & Tracking:positive
google_play:b82bb3de-d38c-4adb-abee-a42f36e3c46f,google_play,5,,LIKE £5 CHEAPER THAN ANYWHERE ELSE!! WAAYYYYY BETTER!!,2025-10-15 05:00:46,GB,diner,positive,False,True,"Competitive Comparison:positive|Pricing, Fees & Promotions:positive"
google_play:e7d2f7f5-12d7-439b-be63-49822c5da75c,google_play,4,,Good easy to use,2025-10-16 22:30:00,GB,diner,positive,False,True,App Reliability & Usability:positive
google_play:8dd17385-6767-4376-b1de-0eb2b2a9d9c0,google_play,5,,Great app,2025-10-17 21:39:46,GB,diner,positive,False,True,
google_play:ec41dd13-d1f7-4fa6-8550-21182b894aa3,google_play,1,,ask for all sauces and got none just a plan kabab,2025-10-17 23:17:23,GB,diner,negative,False,True,Order Accuracy:negative:1
google_play:ed9a7855-c665-4f64-8b11-41b0ad9cbc0b,google_play,5,,Great so far.,2025-10-17 23:32:43,GB,unknown,positive,False,True,
google_play:7826a906-20fb-4414-a869-77b0958f2356,google_play,4,,sound,2025-10-18 00:53:28,GB,diner,positive,False,True,
google_play:8e8b8d78-f80c-4911-855e-5bf07448c754,google_play,5,,easy to use,2025-10-18 20:32:44,GB,diner,positive,False,True,App Reliability & Usability:positive
google_play:7ea33ecb-6814-423d-a825-75378930dccc,google_play,3,,a bit clunky,2025-10-18 22:14:49,GB,diner,negative,False,True,App Reliability & Usability:negative:1
google_play:05dd7c8d-4317-4139-af26-2dc10b3b7cc3,google_play,5,,easy to order,2025-10-18 23:36:27,GB,diner,positive,False,True,App Reliability & Usability:positive
google_play:690be804-19fd-4cc6-b88b-08d98cd1200b,google_play,5,,"great app, lots of local options",2025-10-19 18:44:12,GB,diner,positive,False,True,Restaurant Listings & Trust:positive
google_play:80bf3baa-09f8-48a6-b4d4-4dae7efb4edc,google_play,5,,easy,2025-10-19 20:13:34,GB,diner,positive,False,True,App Reliability & Usability:positive
google_play:bf4ab345-c84e-4573-8686-ead0942288b9,google_play,5,,it fast and good,2025-10-19 22:06:03,GB,diner,positive,False,True,
google_play:b7cf6c5f-9dc4-40f6-b640-40bccacfa433,google_play,5,,easy to use good finding new places good working app,2025-10-19 22:12:39,GB,diner,positive,False,True,App Reliability & Usability:positive
google_play:09960079-96ba-4007-8475-2d0ffc6718fd,google_play,5,,"Great food,,easy to use 👍",2025-10-19 23:17:04,GB,diner,positive,False,True,App Reliability & Usability:positive|Food Quality & Safety:positive
google_play:cec880bc-babb-4683-b9db-7a041a39a163,google_play,5,,great,2025-10-19 23:32:28,GB,diner,positive,False,True,
google_play:432c5efb-787d-427d-a95c-c027e71d76e9,google_play,1,,absolutely not on 35 pounds order 10 pounds delivery no Chinese is that good,2025-10-19 23:45:05,GB,diner,negative,False,True,"Pricing, Fees & Promotions:negative:2"
google_play:45bcd879-0b88-4cd1-8f9f-ff0ade2a64a1,google_play,1,,no idea where food is...appalling,2025-10-20 01:34:36,GB,diner,negative,False,True,Delivery Time & Tracking:negative:3
google_play:cb7484b4-c1c9-46f3-bc80-941677794ad5,google_play,5,,just awsome,2025-10-20 22:32:40,GB,diner,positive,False,True,
google_play:bdf7a661-2cfb-45c1-a456-3080e5d9405b,google_play,5,,everything all good.,2025-10-20 23:47:55,GB,diner,positive,False,True,
google_play:bfc800ec-f063-47b6-878f-7534fdca82d8,google_play,5,,Great service. lovley food as always.,2025-10-21 02:17:15,GB,diner,positive,False,True,Food Quality & Safety:positive
google_play:3bbf66fc-fea6-4573-86e8-0bd9445c0259,google_play,5,,quick and easy,2025-10-21 23:11:42,GB,diner,positive,False,True,App Reliability & Usability:positive
google_play:c1b32f09-9fc5-4314-9560-d3ce21534a05,google_play,5,,Absolutely Love these guys!!!,2025-10-21 23:47:46,GB,diner,positive,False,True,
google_play:6f3b6cf5-9eb0-4d34-9c37-9963db99a66d,google_play,5,,very easy,2025-10-22 21:53:39,GB,diner,positive,False,True,App Reliability & Usability:positive
google_play:3b1262b8-f54a-4a80-abe9-466795a2739e,google_play,5,,always on time,2025-10-22 22:45:33,GB,diner,positive,False,True,Delivery Time & Tracking:positive
google_play:3eb46dbb-4b32-414a-8d66-d4412a9686d7,google_play,5,,works well,2025-10-23 22:56:25,GB,diner,positive,False,True,App Reliability & Usability:positive
google_play:b2671e69-1509-4950-8c55-5ebc20dab06d,google_play,1,,"placed and order, paid, got confirmation. the order was not received. I now have to wait 3 to 5 days to get My Mobey back",2025-10-23 22:58:39,GB,diner,negative,False,True,Order Accuracy:negative:2|Refunds & Complaint Handling:negative:2
google_play:f0250e8d-4258-4493-9383-977620bc5cc8,google_play,5,,easy to use,2025-10-24 22:03:54,GB,diner,positive,False,True,App Reliability & Usability:positive
google_play:33938905-639b-4419-94e0-750c197bdec3,google_play,5,,easy to use and a good choice on offer,2025-10-24 23:12:44,GB,diner,positive,False,True,App Reliability & Usability:positive
google_play:0a61f733-adeb-435f-a21c-ed4c2e93a4bc,google_play,5,,luv it,2025-10-25 02:12:49,GB,diner,positive,False,True,
google_play:ce6c3d0d-9c41-4dfe-9c75-820377879c7a,google_play,1,,"our food order took 2.5 hrs after being told several times its on its way when it did artive it was cold and my grandson had fallen to sleep,shocking service wont be using again.",2025-10-26 00:48:03,GB,diner,negative,False,True,Food Quality & Safety:negative:2|Delivery Time & Tracking:negative:3
google_play:394231e9-1d9e-4d9e-8890-01f35ca3d269,google_play,2,,to many missing items,2025-10-26 03:27:26,GB,diner,negative,False,True,Order Accuracy:negative:2
google_play:c91e7b70-cb1c-491a-ba16-731a7bc0ee9e,google_play,5,,"very easy to use!! quick and efficient! brilliant app! I have had so many issues with both Uber eats & Just eat and Deliveroo. there is always an issue remembering passwords, etc! ain't no-one got no time for that!! food hub is quick and easy. it just takes a few seconds, and you're in! best app for ordering food!",2025-10-26 20:33:47,GB,diner,positive,False,True,Competitive Comparison:positive|App Reliability & Usability:positive
google_play:920b853d-b8f8-41bb-84ef-8c01c148ce62,google_play,5,,First time user easy to use,2025-10-26 22:40:46,GB,diner,positive,False,True,App Reliability & Usability:positive
google_play:6efabfd9-34ec-4bab-a0cf-d648ff621ba7,google_play,5,,Always delivered hot and fresh,2025-10-26 23:41:03,GB,diner,positive,False,True,Food Quality & Safety:positive
google_play:063e665a-c588-4dae-83d1-d47e5400edf5,google_play,5,,good service,2025-10-27 00:36:21,GB,diner,positive,False,True,
google_play:c6f0f429-2c00-41d9-b97e-c3bd6d89381a,google_play,1,,"ordered from Alborz in Newtown Wigan via foodhub ar 6pm food arrived at 8.50pm and was stone cold and refund was refused, very bad service",2025-10-27 08:01:32,GB,diner,negative,False,True,Refunds & Complaint Handling:negative:3|Food Quality & Safety:negative:2|Delivery Time & Tracking:negative:3
google_play:2f8d7a01-279b-4382-8bd7-2970b4e220c3,google_play,5,,"fantastic app with everything under one roof, what more do you want, it's 5 stars from me.",2025-10-27 23:20:02,GB,diner,positive,False,True,App Reliability & Usability:positive
google_play:0c382888-2854-4cdc-9404-eeaa5321876d,google_play,1,,"another app that makes no sense. I want to see a list of restaurants near me that are open, not search a category and see if a restaurant exists. even if I search ""Pizza"" it returns no results. horrible experience. never heard of ""foodhub"" before, it seems this is why",2025-10-28 04:13:59,GB,diner,negative,False,True,App Reliability & Usability:negative:2
google_play:101f32f1-31e6-4694-ba3f-bfa39fb86ee7,google_play,5,,way cheaper than Just eat and uber eats,2025-10-28 17:34:11,GB,diner,positive,False,True,"Competitive Comparison:positive|Pricing, Fees & Promotions:positive"
google_play:d2c2555e-9562-472c-a8f5-658d71e0d3bf,google_play,5,,quick delivery,2025-10-29 19:15:13,GB,diner,positive,False,True,Delivery Time & Tracking:positive
google_play:1b13940d-1758-4001-99ed-305df666f77f,google_play,3,,easy,2025-10-29 21:17:32,GB,diner,positive,True,True,App Reliability & Usability:positive
google_play:f2c3b0d7-a7f2-4d9c-b620-5a22f327ad17,google_play,5,,This is my go-to app for ordering from my local takeaway. It's really easy to order as the menu system is practical and user-friendly. I prefer to use Foodhub over Justeat and Ubereats as their fees are ridiculous unless you pay a monthly subscription. Foodhub tends to have better deals than the other takeway apps. The delivery fee is very reasonable and there are no hidden fees. Try it and you won't regret it😊,2025-10-29 22:17:26,GB,diner,positive,False,True,"Competitive Comparison:positive|Pricing, Fees & Promotions:positive|App Reliability & Usability:positive"
google_play:b9d7b6cf-43c5-4df7-84d8-37772252f9ed,google_play,5,,bit pricey on delivery,2025-10-29 23:11:17,GB,diner,negative,True,True,"Pricing, Fees & Promotions:negative:1"
google_play:6ad9c4d4-c73e-4529-aa54-29cd68dc42be,google_play,1,,does nothing for the charge,2025-10-30 00:20:13,GB,diner,negative,False,True,Payments & Checkout:negative:2
google_play:797e8577-bc58-45b0-a384-dc21aeb1adc1,google_play,5,,Excellent service from Big Portion,2025-10-30 23:26:08,GB,diner,positive,False,True,
google_play:c1add96e-fbf6-4f1e-a73a-9089819ef577,google_play,4,,lush food food takes ages,2025-10-31 00:13:03,GB,diner,positive,False,True,Delivery Time & Tracking:negative:1|Food Quality & Safety:positive
google_play:65bf1cdd-e863-4ae4-9784-704eea3594c2,google_play,3,,a bit glitchy with the basket and paying other than that easy tonuse,2025-10-31 01:37:44,GB,diner,neutral,False,True,Payments & Checkout:negative:1|App Reliability & Usability:negative:1
google_play:4326d42b-9cc4-481d-b4fe-1c1f77b35b70,google_play,5,,app is good.ordered 3 times now.. always pretty quick & delicious hot food,2025-10-31 02:32:11,GB,diner,positive,False,True,Food Quality & Safety:positive|Delivery Time & Tracking:positive
google_play:728078df-ca43-4fb2-9fc4-e64c1912de8d,google_play,5,,it was quick and easy,2025-10-31 21:50:22,GB,diner,positive,False,True,App Reliability & Usability:positive
google_play:ba884b99-85c8-4052-ade3-75baf1e03332,google_play,5,,save £££z using this app,2025-10-31 22:34:51,GB,diner,positive,False,True,"Pricing, Fees & Promotions:positive"
google_play:3d4891a1-be7f-4741-80a2-57c5e202f020,google_play,5,,best app ever,2025-10-31 22:51:31,GB,diner,positive,False,True,
google_play:0bfb3c69-d85f-4064-a9b5-dba882af1fe8,google_play,5,,easy to operate around.,2025-11-01 02:01:32,GB,diner,positive,False,True,App Reliability & Usability:positive
google_play:4af0cca6-5b88-4fe9-869b-c5f497341634,google_play,1,,taking money out of account for delivery and then canceling delivery and then not refunded for 5 to 7 days is terrible,2025-11-01 02:11:45,GB,diner,negative,False,True,Refunds & Complaint Handling:negative:2
google_play:0fd079b1-93b8-4438-9fc5-a579aa8e843e,google_play,2,,more accurate order tracking required.,2025-11-01 02:46:22,GB,diner,negative,False,True,Delivery Time & Tracking:negative:1
google_play:755c425f-09ff-4f8f-92c3-8c89af497c5a,google_play,5,,G.O.A.T.E.D.,2025-11-01 03:38:45,GB,diner,positive,False,True,
google_play:6b1ba193-701b-4b05-a6c3-8718fe5291d2,google_play,1,,"app stated wait time for delivery 30 minutes, waited 60 minutes and then rang the takeaway to be told another 20 minutes as they were busy. we would have selected another takeaway if told 1hr 20 minutes for delivery. shocking service",2025-11-01 03:48:33,GB,diner,negative,False,True,Delivery Time & Tracking:negative:2
google_play:127abd85-b320-4e15-8ecb-ff5d298e4d9c,google_play,5,,Always my go to app in times of emergencies.,2025-11-01 16:49:09,GB,diner,positive,False,True,
google_play:57d289e7-8448-48d3-b310-59b9e1b269d9,google_play,5,,works as it should,2025-11-01 22:04:25,GB,diner,positive,False,True,App Reliability & Usability:positive
google_play:ec5efceb-c8a3-4c79-8887-8b6c460ffd9b,google_play,4,,"would've been 5,however as I order at work it would be better with a tracking feature like just eat to avoid been stood around not knowing if its on its way,like tonight stood in rain waiting around as sometimes its early,then on time or like tonight late.",2025-11-01 23:14:50,GB,diner,positive,False,True,Competitive Comparison:negative:1|Delivery Time & Tracking:negative:2
google_play:84688baf-5f12-4448-b728-6e32ee0a491f,google_play,5,,Easy orders,2025-11-02 00:11:42,GB,diner,positive,False,True,App Reliability & Usability:positive
google_play:a1381466-dfe8-4c7b-a05b-b63c5e613770,google_play,5,,Good 👍,2025-11-02 02:33:21,GB,diner,positive,False,True,
google_play:4edac657-3a8b-4e6f-9e97-c2ece2f887b8,google_play,1,,poor service and order of over 30 pounds and they offered a 3 pounds refund for cold food and 2 hours to deliver,2025-11-02 03:54:11,GB,diner,negative,False,True,Refunds & Complaint Handling:negative:2|Delivery Time & Tracking:negative:2|Food Quality & Safety:negative:2
google_play:f48e8aaa-f6a6-4b66-8e82-ac75f5a35989,google_play,1,,takes ages to get the order,2025-11-02 19:09:52,GB,diner,negative,False,True,Delivery Time & Tracking:negative:2
google_play:a57fd768-a054-46bf-bd10-ad9c681137d2,google_play,5,,perfect tasty hot and on time delivery driver very polite 👌,2025-11-02 21:01:09,GB,diner,positive,False,True,Delivery Driver Conduct:positive|Delivery Time & Tracking:positive|Food Quality & Safety:positive
google_play:20d1b3eb-73e4-473f-ade5-07c90e5065b5,google_play,5,,good,2025-11-02 22:44:20,GB,diner,positive,False,True,
google_play:89d1ed6f-0523-47a3-99c9-5080a0d1f5f6,google_play,5,,easy to use,2025-11-02 23:05:47,GB,diner,positive,False,True,App Reliability & Usability:positive
google_play:2b1e875b-1bc7-4677-aaf3-b6e3bdcaf9bf,google_play,4,,gave me a discount code for checkout then didn't take the code :(,2025-11-03 02:16:26,GB,diner,negative,True,True,"Pricing, Fees & Promotions:negative:1"
google_play:74f1e1cd-c5e8-4720-9b7f-36914fc8636c,google_play,1,,atrocious experience. avoid at all costs. there are much better options,2025-11-03 07:38:40,GB,diner,negative,False,True,
google_play:244c5361-da3e-4a83-9cec-fba6f8a47056,google_play,5,,excellent,2025-11-03 23:49:41,GB,diner,positive,False,True,
google_play:1a7cd73e-3892-44fd-9b2d-08a8ffdc2383,google_play,2,,gives you a time it should be delivered in but 9/10 times it's longer than that so could do with more detail added like just eat and Uber eats like order confirmed preparing and out for delivery,2025-11-05 02:32:25,GB,diner,negative,False,True,Competitive Comparison:negative:2|Delivery Time & Tracking:negative:2
google_play:09deadcc-ea0f-4b38-9b2e-491292618aa6,google_play,5,,everything was fab cookie dough with biscoffee caramel and m&ms with ice cream,2025-11-05 23:25:16,GB,diner,positive,False,True,Food Quality & Safety:positive
google_play:b971acbf-a65c-430e-a253-414dd28ac0d9,google_play,5,,"lovely food, lovely staff, place to go if you want nice food and good customer service",2025-11-06 02:29:37,GB,diner,positive,False,True,Refunds & Complaint Handling:positive|Food Quality & Safety:positive
google_play:c14a6bc6-ec0e-4210-8c26-80055e126ff3,google_play,5,,great app,2025-11-06 04:32:37,GB,diner,positive,False,True,
google_play:06a8f89e-420b-41ae-90a0-37fad8719ce3,google_play,5,,have to say we don't have just eat or deliveroo up here in Scotland where I live but foodhub seems to work just as well different set up but is fine I was so glad to see we had a delivery service here !!,2025-11-06 23:29:33,GB,diner,positive,False,True,Competitive Comparison:positive
google_play:7650875b-7889-4ccc-aa4e-ba49c4384aaa,google_play,5,,"Good app, does what it says.",2025-11-07 01:51:08,GB,diner,positive,False,True,App Reliability & Usability:positive
google_play:ea4ef82c-b2d3-43fc-8fdc-13051e2a47f8,google_play,5,,"Easy, plenty of choice and not as expensive as other food apps",2025-11-07 04:29:48,GB,diner,positive,False,True,"Competitive Comparison:positive|Pricing, Fees & Promotions:positive|App Reliability & Usability:positive"
google_play:4c1850f1-b4cf-4b13-a9dd-4d7e87ddb3a6,google_play,5,,easy to use,2025-11-07 22:42:28,GB,diner,positive,False,True,App Reliability & Usability:positive
google_play:50fb9339-c1b6-4d71-a935-e36a892f8b64,google_play,5,,Good service,2025-11-07 22:50:19,GB,diner,positive,False,True,
google_play:39cdbe82-57a6-4e9b-aee4-dd734093bf49,google_play,2,,"app is fine, just waiting for three hours ... and still waiting?",2025-11-07 23:18:16,GB,diner,negative,False,True,Delivery Time & Tracking:negative:2
google_play:a8251fd5-c6d0-41ef-aab0-2c2955b0a142,google_play,5,,"Very easy to use, has a great variety of take aways on here and very reasonable priced",2025-11-08 01:33:19,GB,diner,positive,False,True,"Pricing, Fees & Promotions:positive|App Reliability & Usability:positive"
google_play:3346518e-3a9c-4d66-8933-b448255d8be5,google_play,1,,After a declined order had payment placed in foodhub wallet and every single time I try to use it i get declined,2025-11-08 01:42:42,GB,diner,negative,False,True,Payments & Checkout:negative:3
google_play:1c37a07f-3db2-4b74-9939-53549537cf54,google_play,4,,Very easy to use,2025-11-08 23:47:36,GB,diner,positive,False,True,App Reliability & Usability:positive
google_play:67b4ee0d-999b-432f-99c2-ad852f4750e7,google_play,5,,👍,2025-11-08 23:51:09,GB,diner,positive,False,True,
google_play:623cce18-293a-4fac-8379-23c262b78b52,google_play,1,,was 20 mins late,2025-11-09 00:18:32,GB,diner,negative,False,True,Delivery Time & Tracking:negative:1
google_play:a5de276b-76a3-425c-b52b-b1045adc71bc,google_play,5,,hassle free,2025-11-09 03:57:56,GB,diner,positive,False,True,App Reliability & Usability:positive
google_play:4cbf9e25-ab70-468d-9f8e-54f84c594731,google_play,2,,been using this for years but now they don't accept cash and the delivery fee is much more than just eat so we've swapped.,2025-11-09 23:04:07,GB,diner,negative,False,True,"Competitive Comparison:negative|Pricing, Fees & Promotions:negative:2|Payments & Checkout:negative:2"
google_play:370591d2-9c9e-4690-a634-3003bfb41779,google_play,5,,always good service..,2025-11-09 23:38:40,GB,diner,positive,False,True,
google_play:857e2d68-ce57-486f-9c61-5ea4de2b6820,google_play,5,,"very easy to use . a few taps of the finger,.... and heypresto its done",2025-11-10 00:54:43,GB,diner,positive,False,True,App Reliability & Usability:positive
google_play:572a30cd-cba8-4ddc-a77f-51669f92433b,google_play,5,,excellent,2025-11-10 04:06:13,GB,unknown,positive,False,True,
google_play:a8270f95-9272-4428-b6ae-6c7683fc0312,google_play,5,,"Excellent service. Ordered Fish and chips from Henrys, and within 10mins they were knocking n the door with my food. Hot and delicious 😋.",2025-11-10 21:48:40,GB,diner,positive,False,True,Food Quality & Safety:positive|Delivery Time & Tracking:positive
google_play:095b5836-7997-41df-aff3-e9c0899c7589,google_play,5,,always fast hot & tasty,2025-11-10 22:56:35,GB,diner,positive,False,True,Delivery Time & Tracking:positive|Food Quality & Safety:positive
google_play:e688b8ef-a8bd-48f4-b38f-f89404c4b1bf,google_play,4,,easy to order,2025-11-10 23:41:02,GB,diner,positive,False,True,App Reliability & Usability:positive
google_play:7ac4473c-75ca-49c9-a229-d3abcad35cec,google_play,5,,"Easy and clear to navigate, search and order. Highly recommend",2025-11-12 02:32:07,GB,diner,positive,False,True,App Reliability & Usability:positive
google_play:a3e1657e-b078-492f-a55c-78ff257eea9b,google_play,5,,excellent customer service 👏 👌,2025-11-13 05:33:32,GB,diner,positive,False,True,Refunds & Complaint Handling:positive
google_play:9ab40b8d-e7e8-4e8c-96d1-8497bec274f4,google_play,5,,great app. easy to use and food usually a lot cheaper than ordering through other well known food apps,2025-11-13 23:11:57,GB,diner,positive,False,True,"Pricing, Fees & Promotions:positive|App Reliability & Usability:positive"
google_play:e6e60a5a-a519-4d27-9dfc-7f2e0152e441,google_play,5,,lovely people and the food is amazing and so clean. I can never fault the,2025-11-14 02:24:05,GB,diner,positive,False,True,Food Quality & Safety:positive
google_play:766dd3fa-6eb7-416e-b60f-2db3239d423a,google_play,2,,it was mediocre,2025-11-14 03:36:19,GB,diner,neutral,False,True,
google_play:93523ab5-ddc1-49a0-b108-93ae71619ad0,google_play,5,,excellent,2025-11-14 19:42:40,GB,diner,positive,False,True,
google_play:b82ae736-bc3f-4418-97ec-e95c8975a8fd,google_play,4,,wish there were more offers or discounts,2025-11-14 22:42:36,GB,diner,negative,False,True,"Pricing, Fees & Promotions:negative:1"
google_play:5960708f-5c33-407e-a62e-b0dafa1c8a54,google_play,1,,I've been let down so many times lately! The food is mostly exceptional 😋 but recently it's not been great! My order is late again so I might not order again 🙃,2025-11-14 23:57:55,GB,diner,negative,False,True,Delivery Time & Tracking:negative:3|Food Quality & Safety:negative:1
google_play:f64b8025-1860-484e-aae2-96afee19a3d3,google_play,4,,"Pretty good. i did have a glitch with the app after the last update, where the layout was all screwed up and my account info wasn't visible. But closing the app and reopening it seems to have fixed it. Your online support is good/helpful to.",2025-11-15 00:27:22,GB,diner,positive,False,True,Refunds & Complaint Handling:positive|App Reliability & Usability:negative:2
google_play:c47846a1-b006-47ec-8efd-c5c00327024c,google_play,5,,excellent,2025-11-15 01:33:33,GB,diner,positive,False,True,
google_play:10077db7-ac73-4d6f-bc9c-b3cbc19a98af,google_play,3,,it's not as good as just eat,2025-11-15 02:34:19,GB,diner,negative,False,True,Competitive Comparison:negative:1
google_play:ecd64d20-9041-47ca-92ac-188c7fefea03,google_play,5,,all good,2025-11-15 23:20:13,GB,unknown,positive,False,True,
google_play:1b459a4c-abaa-4564-81a4-f358e5bb8f96,google_play,5,,great and easy to use,2025-11-15 23:21:17,GB,diner,positive,False,True,App Reliability & Usability:positive
google_play:127b8cac-16da-46b1-be31-f7cf9241ff55,google_play,1,,poor delivery service. 3 weeks on the trot.,2025-11-16 00:35:46,GB,diner,negative,False,True,Delivery Time & Tracking:negative:2
google_play:fc3d367a-cef0-4308-9b98-c3ba412f91c4,google_play,4,,plenty of options.,2025-11-16 02:05:27,GB,diner,positive,False,True,
google_play:25c1aa43-3835-4b5f-ae4d-c06208876d73,google_play,5,,"absolutely 💯 percent perfect 👌, thank you",2025-11-16 02:28:14,GB,diner,positive,False,True,
google_play:46acb36e-99bf-48c7-938f-a99dcfa9382f,google_play,5,,Great app easy to use,2025-11-16 04:43:38,GB,diner,positive,False,True,App Reliability & Usability:positive
google_play:718eb8fe-01b7-44e2-9378-287524f7b8e4,google_play,5,,Great app,2025-11-18 03:59:23,GB,diner,positive,False,True,
google_play:389dfa4f-94cd-43e1-b972-302d71bcf41f,google_play,1,,doesnt work when raising problems with food IE unable to proceed and add pictures,2025-11-18 22:20:51,GB,diner,negative,False,True,Refunds & Complaint Handling:negative:2
google_play:0fbe3b5c-8e83-4880-93b3-6c8883907120,google_play,5,,smooth sailing so far. better than JE anyway,2025-11-18 23:50:13,GB,diner,positive,False,True,Competitive Comparison:positive|App Reliability & Usability:positive
google_play:ae6f55a1-5391-4877-b884-94edc96a0681,google_play,5,,absolutely brilliant,2025-11-19 01:09:35,GB,diner,positive,False,True,
google_play:251ce4f7-73e0-4404-b086-f4ccb985ec9e,google_play,5,,Had a bad experience when I first used this app years ago with burnt food and customer service that didn't respond. This is now my go to app as its usually listed as preferred by businesses on Google and is normally better price than their own websites. Never had an issue since so hopefully that will continue. App itself is great everything works as it should and the payment options all work as they should.,2025-11-19 01:33:47,GB,diner,positive,False,True,"Payments & Checkout:positive|App Reliability & Usability:positive|Pricing, Fees & Promotions:positive|Refunds & Complaint Handling:negative:1|Food Quality & Safety:negative:1"
google_play:25d50458-06fb-4851-ae5b-11ca71f905bc,google_play,5,,amazing,2025-11-20 04:41:18,GB,diner,positive,False,True,
google_play:b6a4bc6d-2802-490e-b2b9-10fd6a09a01d,google_play,2,,"Never any promo codes anymore, a service and bag charges added for a while now. Alot of takeout is cheaper on just-eat, surprisingly. Us who supported foodhub from the beginning aren't recognised as loyal. Cheaper than the big leading services and on par with J.E.",2025-11-20 22:54:57,GB,diner,negative,False,True,"Competitive Comparison:negative:1|Pricing, Fees & Promotions:negative:2"
google_play:f5ba92ac-18ee-44b5-80e2-ef3eeb669bf1,google_play,5,,easy,2025-11-21 01:41:39,GB,diner,positive,False,True,App Reliability & Usability:positive
google_play:83066fbe-9520-4f04-aeeb-284208761429,google_play,5,,amazing good,2025-11-21 03:51:40,GB,diner,positive,False,True,
google_play:47ece9ea-f2fc-4689-8a00-e1fad9d0fc2f,google_play,1,,poor user interface,2025-11-21 22:57:20,GB,diner,negative,False,True,App Reliability & Usability:negative:2
google_play:64e32afd-ecd1-4880-95eb-8950a920d4aa,google_play,5,,Easy to use,2025-11-21 23:16:17,GB,diner,positive,False,True,App Reliability & Usability:positive
google_play:493fc259-5743-401c-9b58-c925d8c1e702,google_play,5,,So far so good. Only my 2nd time using hence the 4 stars. Food arrived piping hot and on time. Great service 👏 👍 Had to upgrade the app as I've used it a few more times now and the result is still the same .. BRILLIANT. Cannot fault them.🥰,2025-11-22 00:09:41,GB,diner,positive,False,True,Delivery Time & Tracking:positive|Food Quality & Safety:positive
google_play:8ac399c8-d364-4389-8b6e-58f203b8ec66,google_play,5,,Easy to use,2025-11-22 00:22:07,GB,diner,positive,False,True,App Reliability & Usability:positive
google_play:fdb36428-5dc3-4414-b54e-cb96d4a42849,google_play,2,,no information on when food will arrive,2025-11-22 00:24:08,GB,diner,negative,False,True,Delivery Time & Tracking:negative:2
google_play:65812a9e-0de1-4d69-bfeb-97f8338f779d,google_play,5,,"very easy to understand, easy payment.",2025-11-22 00:24:37,GB,diner,positive,False,True,Payments & Checkout:positive|App Reliability & Usability:positive
google_play:fe26e48b-8cfd-46cd-93d9-7438bfdfa1ed,google_play,3,,The app overall isn't an issue but I wish there was a stage to say the order is out for delivery instead of going from cooking to delivered,2025-11-22 01:49:01,GB,diner,neutral,False,True,Delivery Time & Tracking:negative:1
google_play:3bd5086a-551f-4613-ae0a-157b6691cf65,google_play,5,,straight forward app,2025-11-22 01:54:52,GB,diner,positive,False,True,App Reliability & Usability:positive
google_play:18c7dc07-be59-4372-b3d9-4ec180607e3c,google_play,3,,"Great, but the only problem is that you can't track or communicate with the driver like you can with competitors 😓 Otherwise, I'd definitely exclusively use this instead!",2025-11-22 03:36:30,GB,diner,neutral,False,True,Competitive Comparison:negative:2|Delivery Time & Tracking:negative:2
google_play:1286af8b-5dca-4eea-a4d5-115354bb917e,google_play,5,,quick and easy,2025-11-22 21:30:45,GB,diner,positive,False,True,App Reliability & Usability:positive
google_play:228827b2-d598-453b-ab00-50a5eb19fa75,google_play,3,,"finding takeaways and choosing items is easy enough, but every time I try to pay I have to enter my info 2 sometimes 3 times before app accepts order. infuriating!!",2025-11-22 22:54:20,GB,diner,negative,False,True,Payments & Checkout:negative:2|App Reliability & Usability:positive
google_play:71f5d0cb-7564-4caa-b0a7-3a0a4bfe8b15,google_play,5,,Easy to order. Easy to tip driver. Good selection of eateries. Great.,2025-11-22 23:52:42,GB,diner,positive,False,True,Restaurant Listings & Trust:positive|App Reliability & Usability:positive
google_play:2bd7333b-e212-4118-9685-8ba2f58b0d7e,google_play,5,,marvellous,2025-11-23 00:12:19,GB,diner,positive,False,True,
google_play:106d98a8-c61d-43e1-8179-4856281e265d,google_play,2,,very slow,2025-11-23 00:17:47,GB,diner,negative,False,True,Delivery Time & Tracking:negative:1
google_play:7b9fd3da-7c30-43d3-8212-1a408f2c007a,google_play,1,,advertising 40% discount you don't get anything,2025-11-23 00:37:26,GB,diner,negative,False,True,"Pricing, Fees & Promotions:negative:2"
google_play:5fe4b299-2475-4920-9c6e-d94cdf540910,google_play,5,,good,2025-11-23 21:08:45,GB,unknown,positive,False,True,
google_play:6dba00bf-b490-4579-8af2-ace7d81a665d,google_play,1,,"ordered food and it took over two hours to arrive, the food was cold, the wrong drinks arrived they were warm, the food was damaged and all over the side of the bag. couldn't get a refund for the (lack of support) team",2025-11-23 21:43:34,GB,diner,negative,False,True,Refunds & Complaint Handling:negative:3|Order Accuracy:negative:1|Food Quality & Safety:negative:2|Delivery Time & Tracking:negative:2
google_play:9b1a222c-d834-4317-9ff2-a0aa7b4c9769,google_play,5,,great,2025-11-23 23:15:38,GB,diner,positive,False,True,
google_play:3998c36c-323d-4544-baa2-44a5e72fed36,google_play,5,,"First time using it, seems good.",2025-11-23 23:32:11,GB,diner,positive,False,True,
google_play:8761f36d-43f4-4be2-8034-3f25fbf824cc,google_play,5,,Fast and easy to order from. It's a go to app that never disappoints. We use it for every takeaway. 2 thumbs up 👍👍,2025-11-24 23:21:48,GB,diner,positive,False,True,App Reliability & Usability:positive
google_play:8b9a4af8-4cec-4c24-92c2-b72ea2858f3c,google_play,5,,"🥰💎👍 THE NO.1 BEST FOOD DELIVERY APP IN ENGLAND & WALES & the UK for EASY USE, comprehensive information, flexible options to pay online, cash in shop or on delivery, by paypal, by DEBIT CARD over the phone and for pre-orders, PICK-UP or HOME DELIVERY. IS MUCH CHEAPER for customers & businesses THAN ALL OTHER FOOD DELIVERY apps with MORE DISCOUNTS & choice of food outlets, BETTER than Ubereats, Just Eat, Deiveroo & others HIGHLY RECOMMENDED PLEASE TELL ALL YOUR FRIENDS & FAMILY TO USE IT,....",2025-11-25 01:25:34,GB,diner,positive,False,True,"App Reliability & Usability:positive|Competitive Comparison:positive|Pricing, Fees & Promotions:positive"
google_play:f52e38a5-9125-4834-bf6f-13b9fbe12f0d,google_play,1,,"Poor, order from moons in Dreghorn took almost 2 1/2hrs. I got a notification after 50mins saying it was out for delivery but it didn't arrive for another 1 1/2hrs. The food however was warm when I got it.",2025-11-25 03:31:05,GB,diner,negative,False,True,Food Quality & Safety:positive|Delivery Time & Tracking:negative:3
google_play:4897ca66-17f6-47de-96e2-5901eb1d2912,google_play,5,,quick service and cheap food from foodhub,2025-11-25 04:41:05,GB,diner,positive,False,True,"Pricing, Fees & Promotions:positive|Delivery Time & Tracking:positive"
google_play:ace4f8ad-49c4-4f60-9b0e-9c1769abb982,google_play,4,,Excellent concept and a decent app. My only gripe is the lack of dynamic delivery fee. I have to pay £3.50 on Foodhub when it's 49p on Just Eat. I understand the restaurant sets the charge but it should scale based on distance.,2025-11-25 20:36:09,GB,diner,positive,False,True,"Competitive Comparison:negative:1|Pricing, Fees & Promotions:negative:1"
google_play:5f01b78c-419d-452b-b9aa-54e77ff7c902,google_play,5,,first time happy simple to use,2025-11-25 23:11:19,GB,diner,positive,False,True,App Reliability & Usability:positive
google_play:94ed0c3d-e80b-4157-b03d-b489b4b3f3a1,google_play,5,,loving this app ! So very easy and fast ⭐️⭐️⭐️⭐️⭐️,2025-11-26 23:13:06,GB,diner,positive,False,True,App Reliability & Usability:positive
google_play:fb913c38-05dd-4b5c-b9f9-b9c5a0362084,google_play,1,,third time ordering and always half hour late,2025-11-28 23:48:31,GB,diner,negative,False,True,Delivery Time & Tracking:negative:2
google_play:036ddf6d-e82d-407e-8fbf-5f019e7e4cbf,google_play,1,,won't let me take a photo of food when making a complaint. screen just goes white and doesn't take photo so you cant proceed with your complaint.,2025-11-29 01:01:51,GB,diner,negative,False,True,App Reliability & Usability:negative:2|Refunds & Complaint Handling:negative:3
google_play:933b9b6f-28bc-4ccd-a2f7-5a42f76ee09c,google_play,4,,quick and easy for ordering.,2025-11-29 01:58:28,GB,diner,positive,False,True,App Reliability & Usability:positive
google_play:e1597637-f874-4974-9b20-e34b5ab4ae93,google_play,5,,really good food,2025-11-29 03:12:54,GB,diner,positive,False,True,Food Quality & Safety:positive
google_play:68dd6231-fe23-4eb1-86b8-dbc9b2787245,google_play,5,,good eat 💗💗💗💗💗💗💗💗💗💗💗💗💗💗💗💗💗💗💗💗💗💗💗💗💗💗💗💗💗💗💗💗💗💗💗💗💗💗❤️❤️❤️❤️❤️❤️❤️❤️❤️❤️❤️❤️❤️❤️❤️❤️❤️❤️❤️❤️❤️❤️❤️❤️❤️❤️❤️❤️❤️❤️❤️❤️❤️❤️❤️❤️❤️❤️❤️❤️❤️❤️🔥🔥🔥🔥🔥🔥🔥🔥🔥🔥🔥🔥🔥🔥🔥🔥🔥🔥🔥🔥🔥🔥🔥🔥🔥🔥🔥🔥🔥🔥🔥🔥🔥🔥🔥🔥🔥🔥🔥🔥🔥🔥,2025-11-29 07:11:22,GB,diner,positive,False,True,Food Quality & Safety:positive
google_play:f6762662-7092-408d-ab74-a989564382e6,google_play,1,,"ordered a meal at 1900 from shwmae Pizza afert phoning 2 times to enquire where my food was, I was given silly excuses about having to cook fresh chicken and the delivery was on it's way, it was finally delivered at 21:30 which is not acceptable when Shwmae pizza is only 2 miles away 5 minutes down the bypass",2025-11-29 15:19:52,GB,diner,negative,False,True,Delivery Time & Tracking:negative:3
google_play:e4e5f203-5c4b-44be-8b5f-c8d1e8ebbd4e,google_play,1,,"not good, I can't get payments accepted on this app",2025-11-30 00:03:09,GB,diner,negative,False,True,Payments & Checkout:negative:2
google_play:f067c690-0ad7-4261-8915-62c435523844,google_play,5,,very professional,2025-11-30 01:46:21,GB,diner,positive,False,True,
google_play:91ec957d-ef21-4033-8830-cfe1aded0bc5,google_play,4,,good,2025-11-30 02:36:11,GB,diner,positive,False,True,
google_play:49fe1981-7fab-4c3e-8dda-d47aeff68485,google_play,5,,"this app is always so much cheaper than justeat.. everytime I put a little note to edit my order, the shop always reads it.. ive deleted justeat because they charge so much for little extras.. foodhub have never let me down.. always deals or money off when you use their app.",2025-11-30 03:55:18,GB,diner,positive,False,True,"Order Accuracy:positive|Competitive Comparison:positive|Pricing, Fees & Promotions:positive"
google_play:7a8cd74d-cdc3-4a0a-93f5-613538175af8,google_play,1,,the first order rejected,2025-11-30 04:15:52,GB,unknown,neutral,False,True,
google_play:71495467-c96b-4888-814a-452597afea54,google_play,5,,Great and easy to use,2025-11-30 22:51:14,GB,diner,positive,False,True,App Reliability & Usability:positive
google_play:19e2f614-4dc3-4cc2-83b1-9c8bf7d50a2e,google_play,5,,"love this app !!! so easy to use. Just choose from your preferred menu. sit back, wait for that knock (which isn't long wait ) always delivered with a smile. There u have it lots of fresh, hot yummy food num num num 💯",2025-12-02 00:36:26,GB,diner,positive,False,True,Food Quality & Safety:positive|Delivery Time & Tracking:positive|App Reliability & Usability:positive
google_play:eb65b7bf-71b8-4561-bc7a-e223ce6fafcf,google_play,5,,straight forward easy to use 👍🤤🤤,2025-12-02 21:50:44,GB,diner,positive,False,True,App Reliability & Usability:positive
google_play:7abed19e-66e4-4eb7-b9a3-ea79627598fd,google_play,1,,Really bloody slow,2025-12-02 23:40:59,GB,diner,negative,False,True,Delivery Time & Tracking:negative:2
google_play:8fee6394-0d88-46c0-9649-06ea5996d9aa,google_play,1,,ordered from top of the brea cumnock cold old burnt chips with fish supper ordered sausage supper didnt send chips cheese burger had batter on when it states only hamburger is battered waited 30mins for chips and new burger burger was pink in the middle chips were double fried and old wont let me leave review on there own app never order again from this substandard so called fish n chip shop!!!!,2025-12-03 01:57:48,GB,diner,negative,False,True,App Reliability & Usability:negative:1|Delivery Time & Tracking:negative:1|Order Accuracy:negative:2|Food Quality & Safety:negative:3
google_play:92102724-588f-4a1e-a1f4-313f49834b93,google_play,5,,class,2025-12-03 23:26:02,GB,diner,positive,False,True,
google_play:6fbf8a3c-28dc-46d9-8b2e-028684d61c74,google_play,1,,"ordered for 1st time, food not arrived . not impressed 😕",2025-12-04 01:42:56,GB,diner,negative,False,True,Delivery Time & Tracking:negative:3
google_play:fed664c2-aa29-4ceb-b875-475ca0b56bda,google_play,5,,cool app,2025-12-06 00:01:25,GB,unknown,positive,False,True,
google_play:3b807852-69dd-4a96-892a-6c6cf8aaa75f,google_play,5,,"Much better than just eat, say no more",2025-12-06 00:06:27,GB,diner,positive,False,True,Competitive Comparison:positive
google_play:5b58846c-a06e-4964-a355-ead1d06198ef,google_play,3,,feedback camera operation not working today,2025-12-06 01:23:34,GB,unknown,neutral,False,True,App Reliability & Usability:negative:1
google_play:dcbd2515-a656-44d2-a9da-329246c9c74a,google_play,5,,"App works great, better value than JE by miles",2025-12-06 22:36:09,GB,diner,positive,False,True,"Competitive Comparison:positive|Pricing, Fees & Promotions:positive|App Reliability & Usability:positive"
google_play:9154d279-4dc8-4660-907a-2a782bd6d0c7,google_play,5,,brilliant,2025-12-07 03:43:18,GB,diner,positive,False,True,
google_play:056b7f1b-772b-448b-9afc-392c6d708964,google_play,1,,unprofessional drivers Stamford Lincolnshire that leave food on the doorstep in the rain,2025-12-07 21:58:41,GB,diner,negative,False,True,Delivery Driver Conduct:negative:2
google_play:e5ce7627-5c0e-4b58-bbca-8a309fe05ce3,google_play,5,,very good choice of food,2025-12-09 00:08:09,GB,diner,positive,False,True,
google_play:2d3b2a9a-4b20-49e3-a46b-430296385985,google_play,1,,hard to use overall app sucks,2025-12-09 10:32:00,GB,diner,negative,False,True,App Reliability & Usability:negative:2
google_play:f536228f-0b14-455f-9b74-1543d6b40d2c,google_play,4,,"easy to use. exactly delivery address section needs a little work, but first time using the app and it was quick to order",2025-12-09 22:57:27,GB,diner,positive,False,True,App Reliability & Usability:negative:1|App Reliability & Usability:positive
google_play:101da21c-f6c8-4130-ba3c-af8ac0b7b083,google_play,4,,"Locating my address was a bit sketchy, when you entre your postcode it gives you a door number rather than allowing you to choose one. I had to do it manually. Other than that it's really easy to use.",2025-12-10 00:36:16,GB,diner,positive,False,True,App Reliability & Usability:positive|App Reliability & Usability:negative:1
google_play:d101770d-c4ff-4557-9c5e-7a5b97eee9a4,google_play,5,,Easy to use.,2025-12-10 01:48:26,GB,diner,positive,False,True,App Reliability & Usability:positive
google_play:0d2d8210-d235-4d39-bc5b-0f22f77cc221,google_play,4,,easy and it has my address unlike just eat where apparently my address doesn't exist 😔,2025-12-10 03:53:19,GB,diner,positive,False,True,Competitive Comparison:positive|App Reliability & Usability:positive
google_play:6faed372-d12d-4706-9080-7b07cfa71524,google_play,5,,easy and fast,2025-12-10 23:58:46,GB,diner,positive,False,True,App Reliability & Usability:positive
google_play:f2297c8d-e3b2-43ca-9008-e05e320cbb15,google_play,5,,Great place to find you local takeaways,2025-12-12 00:12:41,GB,diner,positive,False,True,
google_play:228d864f-ce5f-4214-a65d-da0cbdd1cd1d,google_play,1,,food came had 2roe and chips both was cold,2025-12-12 01:53:29,GB,diner,negative,False,True,Food Quality & Safety:negative:2
google_play:5c3bfe4d-e569-4afc-83e1-c44ff5aa051e,google_play,5,,Great,2025-12-12 03:17:00,GB,unknown,positive,False,True,
google_play:4a78ecca-89c5-45e2-b667-069c6afacd1b,google_play,4,,it's as good as all the other food apps,2025-12-13 21:46:08,GB,diner,positive,False,True,
google_play:7a270970-59af-4cc1-8b1b-e1a05a9ab4a0,google_play,5,,Easy access to restaurant,2025-12-13 22:05:40,GB,diner,positive,False,True,App Reliability & Usability:positive
google_play:d40f96f0-a323-45c8-8382-64529f708810,google_play,1,,not helpful with wrong orders,2025-12-13 22:06:45,GB,diner,negative,False,True,Refunds & Complaint Handling:negative:1|Order Accuracy:negative:2
google_play:b578dd3e-e0fc-473f-8519-cfbdeee4cf38,google_play,5,,Easy to use,2025-12-13 23:14:45,GB,diner,positive,False,True,App Reliability & Usability:positive
google_play:c0942b37-38ff-4acb-9c5c-d13af1224792,google_play,5,,Easiest app to order on,2025-12-14 00:10:08,GB,diner,positive,False,True,App Reliability & Usability:positive
google_play:1dfeb8ee-995c-4c13-8eb2-0d8cc9329e13,google_play,1,,orderd 2 and a half hours ago still waiting,2025-12-14 02:42:17,GB,diner,negative,False,True,Delivery Time & Tracking:negative:2
google_play:cb6d4aca-ecef-4c5f-8785-bb17b954957c,google_play,1,,order food really not happy with the delivery side been watching the driver on the app from 8.45 till 9.17 and still no food 😕 phone the shop as the driver been here and every where no sign of him on my street when app told me at 8.45 food on way ...,2025-12-14 02:49:39,GB,diner,negative,False,True,Delivery Time & Tracking:negative:2
google_play:bbffae19-2ca7-405a-a7a8-adc6532c0e05,google_play,5,,"easy to use, convenient 👌 and the discounts are good",2025-12-14 23:14:30,GB,diner,positive,False,True,"Pricing, Fees & Promotions:positive|App Reliability & Usability:positive"
google_play:82c33997-f77b-4fcb-8174-032e3e2e1540,google_play,5,,really easy to use. A very good selection of takeaway services they are not on other apps.,2025-12-15 00:37:56,GB,diner,positive,False,True,Restaurant Listings & Trust:positive|App Reliability & Usability:positive
google_play:a2ed8d9e-cd7c-47d1-bf82-b73625e3bda6,google_play,5,,quick and easy to use app,2025-12-15 01:19:46,GB,diner,positive,False,True,App Reliability & Usability:positive
google_play:d3eb2548-974d-4781-b114-6a9d04117951,google_play,1,,order got rejected for no reason at all,2025-12-15 02:23:09,GB,diner,negative,False,True,App Reliability & Usability:negative:2
google_play:6230bc0f-92b5-40ac-b55f-36b4d3fecaf9,google_play,3,,"Don't know what they have done to the app, but it would not save my address properly and I kept having to go back to put parts of my address on a different line, really frustrating. I have not used it for 2 years and not sure I will again. I had to write specific instructions so the guy could find me as it was still saying wrong address. On another note it went from started cooking to arriving at my flat in 5 mins. I don't think so, I wasn't ready",2025-12-16 01:08:02,GB,diner,negative,False,True,Delivery Time & Tracking:negative:2|App Reliability & Usability:negative:2
google_play:d40f3d9a-4e9b-42ce-910a-9aae6ace92f2,google_play,3,,ok,2025-12-17 01:03:54,GB,diner,neutral,False,True,
google_play:4e64d33a-ca75-4043-9f3e-9a4229a2dc41,google_play,5,,"excellent service, brilliant food and staff highly recommended",2025-12-18 00:21:07,GB,diner,positive,False,True,Food Quality & Safety:positive
google_play:81f0c0aa-31f3-45d5-87d0-8d70fec177b5,google_play,5,,"I have noticed that the app does not tell me when my order has finished cooking, nor when it is on the move, nor when it has been delivered. it is the only fault with the app.",2025-12-18 00:21:36,GB,diner,positive,False,True,Delivery Time & Tracking:negative:1
google_play:63dea780-95fd-45ab-bf75-4c1192a59a05,google_play,5,,good app,2025-12-18 01:31:53,GB,diner,positive,False,True,
google_play:56113315-96ec-4376-8a83-f516b872f384,google_play,2,,food was delivered while the app is still showing it's cooking,2025-12-18 04:26:46,GB,diner,negative,False,True,Delivery Time & Tracking:negative:1
google_play:bf764ca4-5311-49cd-aaf3-35e4ae055f81,google_play,3,,If I'd known it was going to take 50% longer than indicated I wouldn't have ordered!,2025-12-18 23:47:31,GB,diner,negative,False,True,Delivery Time & Tracking:negative:2
google_play:4943c8c2-652c-4a54-8d0b-efd959da92c9,google_play,4,,☆☆☆☆,2025-12-18 23:54:16,GB,unknown,neutral,False,True,
google_play:05523ac9-dedb-47d8-ad1b-be13b1e8eca8,google_play,5,,"very easy to use and amend notes, easy to contact and updates via email all good so far.",2025-12-19 00:32:44,GB,diner,positive,False,True,App Reliability & Usability:positive
google_play:c59843e2-c11f-4872-b30e-f867ecf71b00,google_play,5,,Great no problems 😊,2025-12-19 00:42:32,GB,diner,positive,False,True,
google_play:65b2de99-053c-4cc0-8a59-f22ec418b599,google_play,1,,the wraps had no mention of spice in them however where quite spicy the chips didnt taste any different to asdas own chips only thing that tasted ok was burger overall waste of money,2025-12-19 05:49:51,GB,diner,negative,False,True,Food Quality & Safety:negative:2
google_play:124f7fdb-72ad-4b2f-8ba2-9c822177d07e,google_play,5,,Amazing Best Fish and Chips around Fast Delivery,2025-12-19 23:17:03,GB,diner,positive,False,True,Delivery Time & Tracking:positive|Food Quality & Safety:positive
google_play:b90567fc-af6b-4034-aebf-ef40ecc9cc76,google_play,5,,easy to use,2025-12-19 23:27:05,GB,diner,positive,False,True,App Reliability & Usability:positive
google_play:8436d374-4535-41ae-8fac-9ccddc1a6fda,google_play,1,,Spelling is atrocious. Wanted just a pizza but wouldn't let me order unless I had drink and chips which I didn't want,2025-12-20 00:05:56,GB,diner,negative,False,True,App Reliability & Usability:negative:1
google_play:025af36f-05a2-49ce-a5fb-0c7bba112185,google_play,4,,generally good experience,2025-12-20 01:43:36,GB,diner,positive,False,True,
google_play:c441c836-78cd-414b-a4e2-1aaeb349e7e1,google_play,5,,"I ordered my food, it came. Woohoo! Edited: I love food from here, it's amazing, I've never been disappointed. I'm ordering again tonight 😊 thank you guys 😘",2025-12-20 03:57:08,GB,diner,positive,False,True,Food Quality & Safety:positive
google_play:1ab29eb7-41f3-4125-a1d1-1564a83e4f2d,google_play,5,,"Excellent, so simple",2025-12-20 22:31:09,GB,diner,positive,False,True,App Reliability & Usability:positive
google_play:a877ee7b-4841-4c73-89c1-7fac5dacb011,google_play,4,,pretty good overall nice job,2025-12-20 22:49:09,GB,diner,positive,False,True,
google_play:04074749-4573-420d-882e-f4a15762e696,google_play,5,,"This app provides such a simple, easy experience for ordering from local places. I was so fed up of using uber eats, with their terrible customer service and endless fees and overcharging. Stopped using them completely and use this app and other apps which provide much better service.",2025-12-21 00:21:10,GB,diner,positive,False,True,Competitive Comparison:positive|App Reliability & Usability:positive
google_play:fa5a54dc-58f0-4b3b-a76d-a6a33b00e725,google_play,5,,Hassle Free,2025-12-21 02:14:13,GB,unknown,positive,False,True,
google_play:9f81ad1d-54ec-4803-ac4d-8e2b43a3e3c1,google_play,3,,"app is generally easy to navigate and straightforward. what gripes me is the lies on the app. telling you minimum spend is £10 yet spend £10 and it's still not enough, you have to spend £10.40 that's false advertising. secondly deliveries always seem to be really slow and the delivery updates are useless. more often than not my stuff turns up cold. it is cheaper than just eat and uber but not as refined.",2025-12-21 20:33:19,GB,diner,negative,False,True,"Competitive Comparison:neutral|Food Quality & Safety:negative:2|Delivery Time & Tracking:negative:2|Pricing, Fees & Promotions:negative:2|App Reliability & Usability:positive"
google_play:bf8b9adb-6406-4d79-a37c-2a389bfcfc9e,google_play,5,,love foodhub,2025-12-21 21:43:23,GB,diner,positive,False,True,
google_play:b155135e-5a82-49b3-abe3-22872cfc892c,google_play,5,,Great food and an easy to use menu.,2025-12-21 22:43:31,GB,diner,positive,False,True,App Reliability & Usability:positive|Food Quality & Safety:positive
google_play:7e182b80-477f-4510-abff-5093df578e52,google_play,1,,was going to use this but is more than double the price of the actual shop,2025-12-22 03:40:13,GB,diner,negative,False,True,"Pricing, Fees & Promotions:negative:2"
google_play:124aed4d-4d9f-4aa5-ab6f-95690452790f,google_play,5,,good app no delivery price on the place I like to order,2025-12-22 05:46:58,GB,diner,positive,False,True,"Pricing, Fees & Promotions:positive"
google_play:d20a1c1a-434b-4115-8fd6-ccd825d2c426,google_play,1,,I need to report wrong items on an order but the app won't let me get through the reporting process and gets stuck when I try to submit a photo.,2025-12-22 07:11:52,GB,diner,negative,False,True,Refunds & Complaint Handling:negative:2|Order Accuracy:negative:2
google_play:bb1b5243-02c7-41c6-a3e1-893ad0a01020,google_play,5,,very quick and easy,2025-12-22 21:50:45,GB,diner,positive,False,True,App Reliability & Usability:positive
google_play:7b2fe4f6-26b4-4943-a9f6-b5e0409bc0a6,google_play,5,,"Honestly, foodhub is definitely without a doubt the best app for takeaway becuase first of all it offers food that actually goes to my place where not much of the other takeaway apps does, second of all the offers are very good value e.g one place has 30 percent off which is really cheap, compared to other delivery services like deliveroo or ubereats, and they post cool competitions like this Christmas one which I enjoy, im not even going to lie the service fee is so cheap at only 50p! Just eat",2025-12-23 15:32:08,GB,diner,positive,False,True,"Competitive Comparison:positive|Pricing, Fees & Promotions:positive|Restaurant Listings & Trust:positive"
google_play:55c42cba-a463-4fa2-b9a8-df28a27037ba,google_play,5,,"I've always received great service and app is handy for someone like me who stutters etc on phone calls, this way its quick and so easy, gets a big thumbs up from me 😊",2025-12-23 21:47:33,GB,diner,positive,False,True,App Reliability & Usability:positive
google_play:c4039c45-dbd0-4e62-b0eb-22fd1d39e61c,google_play,5,,lots of great offers,2025-12-24 00:12:17,GB,diner,positive,False,True,"Pricing, Fees & Promotions:positive"
google_play:ca96e40b-9987-414b-9c46-f1d2b9beb91f,google_play,5,,its amazing and very quick,2025-12-24 00:58:18,GB,diner,positive,False,True,Delivery Time & Tracking:positive
google_play:df864758-5c49-4c9e-a01e-5d877827c2c9,google_play,5,,"First time, discounted. doddle. merry Christmas",2025-12-24 20:02:45,GB,diner,positive,False,True,"App Reliability & Usability:positive|Pricing, Fees & Promotions:positive"
google_play:75194570-0af0-4e4f-b0e1-ac1f1fe41ab3,google_play,5,,simple,2025-12-24 22:27:56,GB,diner,positive,False,True,App Reliability & Usability:positive
google_play:e2b1e64a-bfba-4112-a5b0-70afae228b67,google_play,5,,user friendly and easy,2025-12-25 02:11:56,GB,diner,positive,False,True,App Reliability & Usability:positive
google_play:4768b9f8-1cc0-49fb-beaf-25f08b3905e6,google_play,1,,terrible customer service,2025-12-25 03:23:55,GB,diner,negative,False,True,Refunds & Complaint Handling:negative:2
google_play:ca6066da-44eb-46d8-9f6f-7f19975bc6d7,google_play,1,,"First time using this app and I am £40 down and no food, I would not recommend. You also reach out for a solution and you get ignored. update they do reach out to the store/restaurant but a 3 hr wait is just to long I would avoid this app",2025-12-25 03:33:06,GB,diner,negative,False,True,Refunds & Complaint Handling:negative:3
google_play:16c39004-635d-449f-bea8-b71303bda3f0,google_play,2,,"very difficult to complain about poor service of takeaway, over 10 mins to talk to a food hub agent",2025-12-25 03:45:05,GB,diner,negative,False,True,Refunds & Complaint Handling:negative:2
google_play:9596f738-362d-45b5-9c56-ad25e94c6df8,google_play,1,,Still initially coming back as declined payments but payments are going through,2025-12-25 05:50:40,GB,diner,negative,False,True,Payments & Checkout:negative:2
google_play:6075f481-a456-4f9c-ae33-2a4b358c429a,google_play,5,,"First time, I've used and ordered,brilliant,driver nearly found me😉😂food was still hot and alot of it.Hopefully that's what I'll receive every time 🤞,I'll be a regular 👍",2025-12-26 22:14:06,GB,diner,positive,False,True,Delivery Driver Conduct:positive|Food Quality & Safety:positive
google_play:db5c4453-8dec-4b4c-ac0c-37309547eb96,google_play,5,,"best delivery app around, doesn't charge you through the nose",2025-12-26 23:22:45,GB,diner,positive,False,True,"App Reliability & Usability:positive|Pricing, Fees & Promotions:positive"
google_play:66f32a6c-4630-4e61-ae0f-d22a156f3dc8,google_play,1,,"if you get worst food. they don't take responsibility, waste of money. NOTE: THEIR RESPONSE IS A LIE.",2025-12-27 00:41:53,GB,diner,negative,False,True,Refunds & Complaint Handling:negative:2|Food Quality & Safety:negative:2
google_play:45726edb-5663-4450-977d-addea03c134a,google_play,5,,"Love it, so simple to use.",2025-12-27 21:38:04,GB,diner,positive,False,True,App Reliability & Usability:positive
google_play:90b69d33-2b02-438b-947b-532f532a2c9e,google_play,1,,abhorrent customer service,2025-12-29 00:03:41,GB,diner,negative,False,True,Refunds & Complaint Handling:negative:2
google_play:8dda4ff2-eb90-460e-afe0-00051f69b505,google_play,4,,"The app usually provides a reliable service and there are many options for delivery items, e.g. restaurants, diners, local shops etc.",2025-12-29 00:37:22,GB,diner,positive,False,True,App Reliability & Usability:positive
google_play:74418cab-3631-46b7-9367-b5d51625d95c,google_play,1,,SLOOOOOOOW,2025-12-29 23:24:59,GB,diner,negative,False,True,Delivery Time & Tracking:negative:2
google_play:9e3db050-6b23-48b4-a00e-5a5c551b58f6,google_play,5,,takes pressure off ordering and going to fetch it . its ideal esp if ur disabled or ill as its so easy to use and get you food cooked and hot in a little time l. i couldnt be without my foodhub,2025-12-29 23:27:50,GB,diner,positive,False,True,Food Quality & Safety:positive|Delivery Time & Tracking:positive|App Reliability & Usability:positive
google_play:4211ba55-0639-4580-8228-22ed414f4a94,google_play,3,,can't find where my order is up to on the app very frustrating,2025-12-30 00:01:59,GB,diner,negative,False,True,Delivery Time & Tracking:negative:2
google_play:74124493-f7dc-4f8a-8cf2-efdd69246cf3,google_play,5,,Easy to understand and use for even a novice who knows nothing about technology,2025-12-30 02:41:50,GB,diner,positive,False,True,App Reliability & Usability:positive
google_play:3b569872-9e84-4763-beb1-41871a33b554,google_play,5,,always works well for last min adhd orders 🤣🤣,2025-12-30 05:29:14,GB,diner,positive,False,True,App Reliability & Usability:positive
google_play:1f57d79a-246f-42ea-8270-ee498c7eb62b,google_play,1,,absolutely awful you don't get your food,2025-12-30 06:44:24,GB,diner,negative,False,True,Delivery Time & Tracking:negative:3
google_play:eaa18a82-8138-4de8-b9f8-1ee231161ab8,google_play,1,,"I feel that when it's given a time and it runs out, you should at least get notifications just to make you aware it's late, but 1 hr 30 mins and still waiting food is a but much. if, out of time, you should get your delivery charge refunded",2025-12-31 00:49:22,GB,diner,negative,False,True,Delivery Time & Tracking:negative:2
google_play:3ce91a27-f6c8-4894-ae97-d17521bd09f5,google_play,1,,Rubbish,2025-12-31 02:36:38,GB,diner,negative,False,True,
google_play:7d55c4e5-3b8c-4712-b39f-32a684c1f3f2,google_play,5,,"easy ordering, will return after delivery",2025-12-31 18:43:38,GB,diner,positive,False,True,App Reliability & Usability:positive
google_play:484c1116-e25e-4609-ae87-9380be3ba6fd,google_play,5,,easy ordering and good food,2025-12-31 23:07:08,GB,diner,positive,False,True,Food Quality & Safety:positive|App Reliability & Usability:positive
google_play:63a41e23-dd85-4fb0-904f-4d8bc04b84e7,google_play,5,,fantastic,2025-12-31 23:30:39,GB,unknown,positive,False,True,
google_play:e35a062b-9aa5-415d-a630-1952b15a7bcc,google_play,5,,good app to oder food,2025-12-31 23:54:13,GB,diner,positive,False,True,App Reliability & Usability:positive
google_play:20a6ad2a-12fb-47a1-b576-4390a673d97a,google_play,2,,no updates on delivery,2026-01-01 01:17:29,GB,diner,negative,False,True,Delivery Time & Tracking:negative:2
google_play:9385017b-f891-42d7-9411-8a7014af13e5,google_play,1,,delivery not complete food below par really need to to better .,2026-01-01 03:36:25,GB,diner,negative,False,True,Food Quality & Safety:negative:1|Order Accuracy:negative:2
google_play:2215f6db-2fdc-420a-8ecc-e2ea27c3420d,google_play,5,,Fast and easy to use.,2026-01-01 07:13:11,GB,diner,positive,False,True,Delivery Time & Tracking:positive|App Reliability & Usability:positive
google_play:aa1b9939-dcc8-4aff-84ea-2ca8a3a0f423,google_play,5,,excellent,2026-01-01 21:59:09,GB,diner,positive,False,True,
google_play:2c373995-958a-4155-abb4-5277898a8058,google_play,4,,Can't order noodles!,2026-01-02 01:00:37,GB,diner,neutral,False,True,
google_play:c111536e-e26b-47f2-9f6b-0a55c9ef239b,google_play,1,,"Food was both extremely late and cold. The app had no updates at all. It doesn't even know it had been delivered now. When I clicked the link to say it was late it gave me a new updated estimate of 30 minutes ago and the only option was ""Okay"", not okay.",2026-01-02 01:54:15,GB,diner,negative,False,True,App Reliability & Usability:negative:2|Food Quality & Safety:negative:1|Delivery Time & Tracking:negative:2
google_play:63f91d29-9d42-43b1-9b9a-e8847aa9c4b8,google_play,1,,didn't deliver the food,2026-01-02 05:16:33,GB,diner,negative,False,True,Delivery Time & Tracking:negative:3
google_play:aa2f91b8-6c4f-424f-ac85-9733f488df5f,google_play,5,,Good delivery app,2026-01-02 22:49:37,GB,diner,positive,False,True,
google_play:2682083b-f54b-4f02-9509-a6a4cd66d3c5,google_play,5,,delivery fast food still pipping hot and very tasty deffo ordering again 😋,2026-01-03 00:08:42,GB,diner,positive,False,True,Food Quality & Safety:positive|Delivery Time & Tracking:positive
google_play:716cbe06-11c2-41af-9a27-0dab5b14f7dd,google_play,5,,straightforward,2026-01-03 00:11:21,GB,diner,positive,False,True,App Reliability & Usability:positive
google_play:ae8891e1-750b-45ed-b7a8-25d9e6452014,google_play,5,,"brilliant alternative to other delivery apps and great deals and prices, never had any issues, couldn't say the same for any other delivery app!",2026-01-03 00:24:24,GB,diner,positive,False,True,"Pricing, Fees & Promotions:positive|Competitive Comparison:positive"
google_play:5210e55e-169b-4767-aa7a-5ed0bb9c2060,google_play,5,,easy to use and order from,2026-01-03 01:08:22,GB,diner,positive,False,True,App Reliability & Usability:positive
google_play:9f80fa20-8119-4dc7-986c-686acceb9377,google_play,1,,food didn't turn up!!!,2026-01-03 07:54:31,GB,diner,negative,False,True,Delivery Time & Tracking:negative:3
google_play:750b3884-3a35-4101-91c3-c9d8ff87c4d1,google_play,5,,Spectacular,2026-01-03 21:27:52,GB,diner,positive,False,True,
google_play:b71d7009-d39c-4371-b4e2-5d392aea1302,google_play,2,,"Downloaded the app for the first time today. Got the food items i wanted but could not apply the discount code for first time use of the app. The code simply vanished. had to pay full price. The app should be more user friendly. Secondly, from cooking food as seen on tracking to the delivery person outside. I think the user experience on the app can be worked on.",2026-01-04 00:34:05,GB,diner,negative,False,True,"App Reliability & Usability:negative:1|Pricing, Fees & Promotions:negative:2"
google_play:c1057887-7dac-4435-89f8-09e211638be0,google_play,5,,fast delivery great app,2026-01-04 03:22:09,GB,diner,positive,False,True,App Reliability & Usability:positive|Delivery Time & Tracking:positive
google_play:53fcd9f2-5733-4c89-b511-6eb040231eb6,google_play,5,,great app,2026-01-04 18:29:12,GB,diner,positive,False,True,
google_play:57609068-fd3c-4dbe-9022-63354c4e4cb6,google_play,2,,slow 🐌,2026-01-04 21:44:22,GB,unknown,negative,False,True,Delivery Time & Tracking:negative:1
google_play:b919b925-8969-4883-9183-75df3af6e02a,google_play,5,,excellent,2026-01-04 22:10:55,GB,diner,positive,False,True,
google_play:881605f3-a58a-4ddc-801f-54f5eab72298,google_play,5,,the app is excellent and easy to use,2026-01-05 04:04:23,GB,diner,positive,False,True,App Reliability & Usability:positive
google_play:7ac3bd36-b3f6-49de-8cea-d03e9416f4f2,google_play,1,,its the worse app. don't use it,2026-01-05 04:46:31,GB,diner,negative,False,True,App Reliability & Usability:negative:2
google_play:70a43247-15cc-4782-ab3c-4495669273d6,google_play,5,,"ordered by phone call, as we add extra, that is not on the app, but paying by card is easy.",2026-01-05 23:13:24,GB,diner,positive,False,True,Payments & Checkout:positive|App Reliability & Usability:negative:1
google_play:0867430b-d4e5-4059-bf00-ae6451fb5f10,google_play,5,,Much better than most the other apps lol,2026-01-06 01:02:18,GB,diner,positive,False,True,
google_play:ccc8d123-50b3-4cb7-9e5d-53861829d589,google_play,1,,"Too cheap to use a decent payment provider, so uses Google. as a result Google then has an impression of your card details and adds them to your Google account without knowledge or permission. app removed and data deleted.",2026-01-06 12:35:09,GB,diner,negative,False,True,Payments & Checkout:negative:3
google_play:675eddf1-dfd1-40ee-93f3-9197f7fdd4c0,google_play,5,,brilliant!!,2026-01-07 01:57:29,GB,diner,positive,False,True,
google_play:18dc992b-f523-4246-a245-b4ca333239a8,google_play,5,,brilliant,2026-01-08 01:53:31,GB,diner,positive,False,True,
google_play:21f74259-35c3-4146-bcf0-fcc820e6eb40,google_play,1,,let me order food took my money. order cancelled with in a min. refund in 24 hours,2026-01-09 22:31:36,GB,diner,negative,False,True,Refunds & Complaint Handling:negative:2
google_play:95dbf1e9-688f-4612-ae0a-0fb4a85b1f4d,google_play,5,,no problems,2026-01-09 22:42:35,GB,diner,positive,False,True,
google_play:cf65621c-2ede-42b3-ad31-61aabb55879c,google_play,5,,great,2026-01-10 01:19:07,GB,diner,positive,False,True,
google_play:ddd25598-9dd4-4092-b9f2-556b93f444b2,google_play,1,,annoying and spend time going around in circles. food delayed over 2 hours with 0 communication and your only repsonse is call takeaway or if they agree refund you can get one.,2026-01-10 01:38:48,GB,diner,negative,False,True,Refunds & Complaint Handling:negative:2|Delivery Time & Tracking:negative:3
google_play:a94fd567-1cac-4c14-97d2-91a33f29f9e0,google_play,5,,Very easy to order and see what kind of food you fancy. The app is very quick and efficient to order and view the menus and food businesses.,2026-01-10 20:47:27,GB,diner,positive,False,True,App Reliability & Usability:positive
google_play:78367fa0-4133-47e3-aeeb-f3cfbcfef0df,google_play,5,,Cheaper! The app is basic but very easy to use and some of the same takeaways are cheaper on here than they are on just eat etc. They don't take such a big commission which allows the takeaways to lower their prices for their customers.,2026-01-10 21:49:37,GB,diner,positive,False,True,"App Reliability & Usability:positive|Competitive Comparison:positive|Pricing, Fees & Promotions:positive"
google_play:2bd6981d-22b5-47b2-af01-205d598afed9,google_play,3,,Doesn't confirm what the collection time is. Otherwise easy to use.,2026-01-10 22:03:12,GB,diner,neutral,False,True,App Reliability & Usability:positive|Delivery Time & Tracking:negative:1
google_play:7146c464-944e-4f45-aabe-9b36d9e29d45,google_play,5,,Great app real easy to use,2026-01-10 22:57:55,GB,diner,positive,False,True,App Reliability & Usability:positive
google_play:8ceaa852-397b-458d-8005-c9da4e3a8539,google_play,1,,"the support ticket section on the app does not work, a local take away delivered my order almost two hours and it was cold and I have no way of sorting it",2026-01-10 23:15:41,GB,diner,negative,False,True,Food Quality & Safety:negative:1|Delivery Time & Tracking:negative:2|Refunds & Complaint Handling:negative:2
google_play:4fc490bc-27c8-4642-8ff1-45f060569784,google_play,5,,great and easy to use. Plus nice discounts,2026-01-10 23:25:39,GB,diner,positive,False,True,"Pricing, Fees & Promotions:positive|App Reliability & Usability:positive"
google_play:409ecf92-4381-433a-8a22-ccf5f53734b9,google_play,5,,Easy to use and love reorder feature,2026-01-10 23:35:31,GB,diner,positive,False,True,App Reliability & Usability:positive
google_play:98ce0e0e-7804-4559-a1fa-3fbf9cd3192d,google_play,5,,easy to choose & order,2026-01-11 00:00:54,GB,diner,positive,False,True,App Reliability & Usability:positive
google_play:2f3ba651-3d33-406f-9528-e59b70ff99d6,google_play,5,,easy !!,2026-01-11 00:46:37,GB,diner,positive,False,True,App Reliability & Usability:positive
google_play:8342a7e7-2308-4d91-b5d5-215265b0cddc,google_play,5,,Excellent,2026-01-11 00:59:05,GB,diner,positive,False,True,
google_play:131c271d-f559-4161-8397-1e39c494eac7,google_play,5,,very good selection of takeaways,2026-01-11 04:57:45,GB,diner,positive,False,True,
google_play:fb8265f5-066a-451c-812c-8a999f7d1fe7,google_play,1,,Terrible Service made a genuine error and reached out to foodhub for support after the resturant hung up on me. Only offered to call the store and absolutely no help. tired to tell me my agreement is with the store but its not.its with foodhub. Would not recommend this,2026-01-12 02:25:40,GB,diner,negative,False,True,Refunds & Complaint Handling:negative:3
google_play:6d8da72a-2041-49a8-9b19-1009e447525a,google_play,5,,"My first choice for a good takeaway, easy to use and I never have a problem with the service.",2026-01-13 02:08:08,GB,diner,positive,False,True,App Reliability & Usability:positive
google_play:0b00a1b3-979c-4734-ac6c-ba82ccf24bd1,google_play,5,,easy and cheaper than the others,2026-01-14 00:11:15,GB,diner,positive,False,True,"Pricing, Fees & Promotions:positive|App Reliability & Usability:positive"
google_play:8ed0a1b1-5b01-4fd9-8216-501bb26d84a8,google_play,5,,like to see exactly where my orders at,2026-01-14 02:05:41,GB,diner,positive,False,True,Delivery Time & Tracking:positive
google_play:3548d3c7-64da-4731-898a-2069701c9e0b,google_play,5,,🙂🥰,2026-01-14 23:58:41,GB,diner,positive,False,True,
google_play:d7014ba8-c2df-4904-bea8-a294995dfc9c,google_play,5,,always love this happy gardens,2026-01-15 19:09:19,GB,diner,positive,False,True,
google_play:83075d4a-6252-4a2b-a73e-bc60a09e07fd,google_play,5,,👍🏻 great,2026-01-15 23:56:15,GB,diner,positive,False,True,
google_play:4a069dcd-d7b1-4a0e-9974-e2ecad7a834e,google_play,5,,Very quick and easy to use.,2026-01-16 23:00:48,GB,diner,positive,False,True,App Reliability & Usability:positive
google_play:05c6c156-88f8-43d5-ae41-81f8f4718041,google_play,5,,much better than the website!,2026-01-16 23:02:54,GB,diner,positive,False,True,App Reliability & Usability:positive
google_play:0fb05859-4d0b-4e80-bbcf-1a301ffa2716,google_play,5,,"excellent app, easy to use, great suggestions",2026-01-17 01:17:51,GB,diner,positive,False,True,App Reliability & Usability:positive
google_play:1c240842-c257-407b-9e78-0be033e9e6f5,google_play,5,,No issues no worries.,2026-01-17 04:20:52,GB,diner,positive,False,True,
google_play:eb94950e-aa25-42a9-ae4f-5976a06c9186,google_play,1,,"refund not possible for incorrect orders, where's my money, where's the help with wrong order or incorrect change, not helping vendor either, where's my money, robbed in daylight, foodhub theft!!!",2026-01-17 17:01:16,GB,diner,negative,False,True,Order Accuracy:negative:2|Refunds & Complaint Handling:negative:3
google_play:5792cb12-21c0-44ed-993c-ba3ffe577e16,google_play,5,,food is amazing. was a little warm but the taste made up for it 😋,2026-01-18 01:23:54,GB,diner,positive,False,True,Food Quality & Safety:positive
google_play:2fa219e8-ca0c-4046-950a-533962db563d,google_play,5,,Great easy,2026-01-18 22:47:09,GB,diner,positive,False,True,App Reliability & Usability:positive
google_play:a24c3535-9773-435c-af12-0897556ff84a,google_play,5,,food delivered before time thanks,2026-01-19 02:00:26,GB,diner,positive,False,True,Delivery Time & Tracking:positive
google_play:9b82b8c4-0d47-485e-a164-2c258c34a4a5,google_play,1,,"Delivery scam. My local takeaway 'DOES NOT' charge for delivery but Food Hub charge £1.50 for delivery. After speaking with FH, they blamed this on the Takeaway charging it.",2026-01-22 18:17:42,GB,diner,negative,False,True,"Pricing, Fees & Promotions:negative:2"
google_play:6f3af781-fd76-42f3-90b8-927fe1af49f4,google_play,1,,"issue with orders being accepted, use different apps. very annoying",2026-01-23 03:28:13,GB,diner,negative,False,True,App Reliability & Usability:negative:2
google_play:6d9cd8e8-4990-4b5a-9ea6-e1604e390a63,google_play,5,,quick and easy to order,2026-01-23 22:38:22,GB,diner,positive,False,True,App Reliability & Usability:positive
google_play:20ba7ad3-cc44-4565-9d01-3142c4cbda41,google_play,1,,the orders are not updated weather arrived early or late the communication between app and takeaway is poor,2026-01-24 02:12:30,GB,diner,negative,False,True,Delivery Time & Tracking:negative:2
google_play:2757a036-261d-48f9-b091-8f515616fa7f,google_play,5,,"Absolutely stunning. As late as we ordered, you still delivered out in the sticks.... and put extra in our meals. 11 out of 10",2026-01-24 04:32:39,GB,diner,positive,False,True,Food Quality & Safety:positive|Delivery Time & Tracking:positive
google_play:f3481e60-410c-4d16-9da0-bd5aef55898e,google_play,5,,very easy to use,2026-01-24 22:18:18,GB,diner,positive,False,True,App Reliability & Usability:positive
google_play:42dd2555-af97-4802-bbe4-64a758260357,google_play,4,,"delivery times are off, so u don't know when you will get your food",2026-01-25 00:44:56,GB,diner,negative,True,True,Delivery Time & Tracking:negative:2
google_play:0b8664fc-0b5e-46f4-a2ed-fa4e7cdbcf8b,google_play,5,,good,2026-01-25 01:16:09,GB,diner,positive,False,True,
google_play:c801eaf0-3ca2-4682-a919-e0898e766d76,google_play,5,,quick and easy to order.,2026-01-25 01:42:31,GB,diner,positive,False,True,App Reliability & Usability:positive
google_play:a353d6d1-8838-4c91-9c53-58e578257ac7,google_play,5,,great service,2026-01-25 02:45:55,GB,diner,positive,False,True,
google_play:b6c860bf-224a-483b-8a91-d5aeb0ad5efa,google_play,4,,"Usually on time, food is good. I'm not sure they know the difference between thin, and deep pan however.",2026-01-25 03:30:23,GB,diner,positive,False,True,Order Accuracy:negative:1|Food Quality & Safety:positive|Delivery Time & Tracking:positive
google_play:b6b0d8e3-f41c-4531-b2b7-25e1656ba74e,google_play,5,,"cost me just £2 for delivery, rather than £5 and another £7 in ""service charges"" from just eat. definitely my new takeout app.",2026-01-25 23:40:26,GB,diner,positive,False,True,"Competitive Comparison:positive|Pricing, Fees & Promotions:positive"
google_play:d527a063-4857-4d20-a4e7-c4b5c39154c2,google_play,1,,"can't see previous orders,didnt give me the option to leave a tip.",2026-01-26 01:15:45,GB,diner,negative,False,True,App Reliability & Usability:negative:1
google_play:946ecae2-c88c-436c-8f01-6acc860d290e,google_play,5,,Some great local choices and a generally better all-round experience than using certain competitors.,2026-01-26 22:09:47,GB,diner,positive,False,True,
google_play:05d1741e-7940-470f-b25d-10e81f4ae3df,google_play,5,,The Best So Far.,2026-01-27 22:53:54,GB,diner,positive,False,True,
google_play:b68412c0-dade-4f3a-9882-cdc66a748e0f,google_play,5,,app is great. caspers food is amazing value for money deliver fast food piping hot and amazing taste. 10 out of 10 all day long highly recommend.,2026-01-28 01:10:10,GB,diner,positive,False,True,"Pricing, Fees & Promotions:positive|Delivery Time & Tracking:positive|Food Quality & Safety:positive|App Reliability & Usability:positive"
google_play:39954b75-70f0-4e87-9919-77db08a19e32,google_play,5,,easy to order,2026-01-28 22:30:51,GB,diner,positive,False,True,App Reliability & Usability:positive
google_play:12aad3ce-c9c6-4608-b73a-d51860c0c429,google_play,5,,👍👍👍👍👍👍👍👍👍👍👍 great deals and discounts,2026-01-29 00:29:32,GB,diner,positive,False,True,"Pricing, Fees & Promotions:positive"
google_play:eedd79cf-4c22-4bd6-8665-c6ab4ffe58bc,google_play,5,,alot better and cheaper than just eat uber eats and deliveroo! 10/10,2026-01-29 06:42:33,GB,diner,positive,False,True,"Competitive Comparison:positive|Pricing, Fees & Promotions:positive"
google_play:96fe9720-625f-427a-90f2-b627cce71ec4,google_play,1,,after they accepted the order after 2 hours of waiting they will just cancel the order.,2026-01-29 21:29:03,GB,diner,negative,False,True,Delivery Time & Tracking:negative:3
google_play:a0694214-cbdc-44c0-9a49-df40aec6024b,google_play,4,,not bad at all,2026-01-30 23:44:21,GB,diner,positive,False,True,
google_play:0a5c572f-0a00-4a1d-abc1-dca1d20832ec,google_play,3,,very difficult to change address in location address bar. I had to google how to do this using thier address book. I think it could be made easier. but other than that not too bad. thank you,2026-01-31 00:39:34,GB,diner,neutral,False,True,App Reliability & Usability:negative:2
google_play:fe3869c1-1ab7-4294-b163-ae0af5fd7b2f,google_play,5,,cheaper than just eat.,2026-01-31 01:41:37,GB,diner,positive,False,True,"Competitive Comparison:positive|Pricing, Fees & Promotions:positive"
google_play:ecb18ce3-50bc-4480-9d1d-c24da2135f48,google_play,1,,really slow times for grill house Johnston 2 hrs wait,2026-01-31 02:10:09,GB,diner,negative,False,True,Delivery Time & Tracking:negative:3
google_play:eacf74f2-2a3d-46a0-88bc-d17c5a4640a1,google_play,5,,we love this place food always arrives hot,2026-02-01 00:18:08,GB,diner,positive,False,True,Food Quality & Safety:positive
google_play:fb0b8b73-7820-492c-b9f9-3a49fed59c4a,google_play,1,,"I ordered at 4pm asking fir a 7.30 delivery, the app is now telling me will arrive at 7.50. called at 7.50 said it will be another 15 minutes... ordered 3 and a half hours ago and telling me will be 30 minutes late",2026-02-01 01:20:59,GB,diner,negative,False,True,Delivery Time & Tracking:negative:3
google_play:feaaf96e-64d8-4d5a-99e7-75f4e308cb42,google_play,4,,quick and easy to use,2026-02-01 01:35:15,GB,diner,positive,False,True,App Reliability & Usability:positive
google_play:73c8f293-770b-4731-a1c0-5da0206d88fd,google_play,1,,never updates on your order,2026-02-01 01:43:25,GB,diner,negative,False,True,Delivery Time & Tracking:negative:1
google_play:ad559913-8cb0-482b-9f01-40f1dfb4a8ad,google_play,5,,works well,2026-02-01 02:00:22,GB,diner,positive,False,True,App Reliability & Usability:positive
google_play:4da69ecd-fad1-4a43-b592-193a8bf31246,google_play,5,,"user friendly, overall very good app",2026-02-01 21:58:40,GB,diner,positive,False,True,App Reliability & Usability:positive
google_play:85d14117-9a4f-411e-b835-e1018b7f1214,google_play,5,,Great app keeps you updated on your food delivery.,2026-02-01 23:59:22,GB,diner,positive,False,True,Delivery Time & Tracking:positive
google_play:0c8ca9a7-1ce0-486e-b500-3f6a16c441b7,google_play,5,,please continue 3 network support local takeaway collaboration this a amazing service,2026-02-02 01:37:57,GB,unknown,positive,False,True,
google_play:0c102c49-18aa-4a7b-b887-9e7dde65feea,google_play,5,,ordered food ot arrived,2026-02-04 01:45:37,GB,diner,positive,False,True,Delivery Time & Tracking:positive
google_play:89a6d474-43d5-49af-90fa-0c9fcf2e8ba8,google_play,5,,spot on,2026-02-05 22:09:07,GB,diner,positive,False,True,
google_play:991dbfd1-c891-4967-ae53-a75ff9a51cde,google_play,1,,payment system is absolutely garbage,2026-02-06 02:13:24,GB,diner,negative,False,True,Payments & Checkout:negative:2
google_play:e8d7e395-752e-4066-9806-f86dc3b17448,google_play,5,,excellent,2026-02-06 22:47:06,GB,unknown,positive,False,True,
google_play:53d1f9eb-6fa0-47c2-8ad5-088eb86ce0bb,google_play,1,,I'd rather die of hunger than order on this app. Its literally the worst business model I have ever come across and its a shame they are still running after scamming customers the way they do,2026-02-06 22:58:46,GB,diner,negative,False,True,Restaurant Listings & Trust:negative:3
google_play:546d519b-ff77-49bf-9041-5c38e6040bba,google_play,5,,much better than justeat can see ratings and easy to navigate thank you,2026-02-07 00:08:25,GB,diner,positive,False,True,App Reliability & Usability:positive|Competitive Comparison:positive
google_play:9456249c-0621-46eb-9000-a8389e2ca7c3,google_play,5,,excelent best food,2026-02-07 02:08:33,GB,diner,positive,False,True,Food Quality & Safety:positive
google_play:77964341-312f-4866-9d97-4922ad4b28f2,google_play,3,,chicken Tika wrap - nicely cooked however clearly stated NO cheese on order however arrived with cheese,2026-02-08 01:14:37,GB,diner,neutral,False,True,Order Accuracy:negative:1|Food Quality & Safety:positive
google_play:b8c699a0-7fa7-4897-b582-fcc7238ca2ea,google_play,5,,great app easy to use,2026-02-08 02:32:09,GB,diner,positive,False,True,App Reliability & Usability:positive
google_play:6006295d-0221-4eb1-a2c7-3685c1f8f9ac,google_play,5,,"all good , minimal places but good 4 me",2026-02-11 00:20:15,GB,diner,positive,False,True,
google_play:064e2fb2-5560-4740-89e7-9a0f638e7782,google_play,5,,great food amazing staff. always quick delivery and amazing delivery drivers 👌,2026-02-11 02:21:40,GB,diner,positive,False,True,Delivery Driver Conduct:positive|Delivery Time & Tracking:positive|Food Quality & Safety:positive
google_play:fb376b8a-dfeb-4e35-8ae9-84d5ae40ffd3,google_play,5,,Really Nice. Thankyou,2026-02-11 04:56:42,GB,diner,positive,False,True,
google_play:569beb9d-c52a-4513-9446-93a14c33dd21,google_play,5,,lovely food speedy delivery cant fault then at all,2026-02-11 23:52:36,GB,diner,positive,False,True,Delivery Time & Tracking:positive|Food Quality & Safety:positive
google_play:b80dd14d-6491-4113-a456-e9991059ddba,google_play,5,,fantastic,2026-02-13 02:21:37,GB,diner,positive,False,True,
google_play:e78c24bb-9f8c-4756-977f-0d6967d86a9b,google_play,5,,very easy to use thanks,2026-02-14 01:29:27,GB,diner,positive,False,True,App Reliability & Usability:positive
google_play:1c611965-6c92-4485-a329-acfe4c49f035,google_play,5,,Great app,2026-02-14 01:32:20,GB,diner,positive,False,True,
google_play:2818c9ee-81a2-45ce-974f-a0d20dc52aa8,google_play,5,,quick and easy,2026-02-14 01:56:04,GB,diner,positive,False,True,App Reliability & Usability:positive
google_play:4902a4b2-62c4-4e03-a65c-25057d209333,google_play,1,,takes orders for takeaways that are shut,2026-02-14 03:49:41,GB,diner,negative,False,True,Restaurant Listings & Trust:negative:3
google_play:eba168ce-05df-4d89-a057-c73c968db6b6,google_play,5,,"no fuss, order arrived in a hurry still warm and friendly delivery driver's",2026-02-14 22:39:33,GB,diner,positive,False,True,Delivery Driver Conduct:positive|Food Quality & Safety:positive
google_play:d1fb246a-2350-48ad-8876-4ae9823399af,google_play,1,,"allowed me to order from a restaurant that has been trying to.remove themselves for 2 months. Took £40, still hasn't refunded and the AI chat bot for support is useless!",2026-02-15 03:06:01,GB,diner,negative,False,True,Refunds & Complaint Handling:negative:3|Restaurant Listings & Trust:negative:3
google_play:29dc64f0-3f1b-4b47-8f1e-a2964fc3b693,google_play,1,,total bull waiting still for food,2026-02-15 23:16:24,GB,diner,negative,False,True,Delivery Time & Tracking:negative:2
google_play:8b65c7eb-dacb-4333-8c94-d813cf7ac29c,google_play,5,,so much cheaper than other apps love it 💕,2026-02-16 08:43:12,GB,diner,positive,False,True,"Competitive Comparison:positive|Pricing, Fees & Promotions:positive"
google_play:5693709c-a02e-4818-b41a-319175dcf3cd,google_play,5,,well done you are great so far as to tell me I had got the delivery wrong thank you,2026-02-17 04:37:10,GB,diner,positive,False,True,Refunds & Complaint Handling:positive
google_play:11352fec-d1ff-4a18-a577-eac18f806c2f,google_play,1,,take too long for a small order just around the corner of them,2026-02-17 22:08:19,GB,diner,negative,False,True,Delivery Time & Tracking:negative:2
google_play:3d7e8ed8-e573-444d-8b64-a09d6557bc5e,google_play,5,,loveeeeeee it,2026-02-18 00:58:35,GB,diner,positive,False,True,
google_play:a54485af-7986-445c-9bf7-25601ce359b5,google_play,5,,so easy and quiet quick,2026-02-18 22:04:24,GB,diner,positive,False,True,App Reliability & Usability:positive
google_play:56c94de3-da0b-40cc-b8a0-0697e6e9099c,google_play,5,,Good easy to order,2026-02-19 23:41:12,GB,diner,positive,False,True,App Reliability & Usability:positive
google_play:a6d29f2d-4f40-46f5-867d-cae8457ee756,google_play,4,,"Order was spot on. The only reason I gave 4 stars the app says order being delivered soon, but I had eaten most of it. Other than that it was very easy to use.",2026-02-19 23:59:22,GB,diner,positive,False,True,App Reliability & Usability:positive|Delivery Time & Tracking:negative:1|Order Accuracy:positive
google_play:655227ce-8187-4e5e-9406-f4f4c070b65f,google_play,4,,It's a nice one like just eat but more restaurants included,2026-02-20 00:31:28,GB,diner,positive,False,True,Competitive Comparison:positive
google_play:868663c1-c70c-4d9b-9e34-f0c6c6319d32,google_play,5,,"quick delivery, food hot. will use again",2026-02-20 00:44:13,GB,diner,positive,False,True,Food Quality & Safety:positive|Delivery Time & Tracking:positive
google_play:083582ca-1e9e-4b50-8a96-20c96e286a3d,google_play,4,,fairly easy to use,2026-02-20 14:47:02,GB,diner,positive,False,True,App Reliability & Usability:positive
google_play:912ef553-2018-429a-bf58-ee4e55b588b2,google_play,5,,untill now exerlant,2026-02-20 19:56:57,GB,diner,positive,False,True,
google_play:b3fbdad0-8324-46ad-a1ce-edd19eb2465c,google_play,5,,customer friendly app. easy to use and order,2026-02-20 22:11:38,GB,diner,positive,False,True,App Reliability & Usability:positive
google_play:7e789097-3485-4cc9-9c64-b49b286fdfe0,google_play,5,,Easy to use and reorder,2026-02-20 23:07:03,GB,diner,positive,False,True,App Reliability & Usability:positive
google_play:6cfc6eec-e444-4169-86c5-8ec7bc320cc0,google_play,5,,"sometimes some food is missing I ring who ever I ordered from and straight on it, I've never had any problems with all the worker's. I've have a an issue with the delivery Price's going up and also put a price for a bag which is a paper bag, when 5p per bag came out was for none meat now you have to pay for a bag that people won't be able to reuse.",2026-02-20 23:25:38,GB,diner,neutral,False,True,"Pricing, Fees & Promotions:negative:2|Order Accuracy:negative:1"
google_play:cdcbdfd1-0ee3-4030-976b-465445ddb6d6,google_play,3,,No updates on food delivery,2026-02-20 23:47:30,GB,diner,negative,False,True,Delivery Time & Tracking:negative:1
google_play:52e59c88-c6c1-41cd-a717-00484b42bf39,google_play,5,,Great food,2026-02-20 23:54:39,GB,diner,positive,False,True,Food Quality & Safety:positive
google_play:16b1fb85-0588-4de5-9e6f-3dc3ae1a38f9,google_play,5,,so easy and convenient to use.,2026-02-21 00:41:08,GB,diner,positive,False,True,App Reliability & Usability:positive
google_play:3866b7f4-f488-4b79-8103-651e95185b8c,google_play,5,,able to use better then any other app,2026-02-21 01:00:33,GB,diner,positive,False,True,App Reliability & Usability:positive
google_play:d93b1ebb-2d13-4e9e-bc8f-3458b04d4082,google_play,2,,makes you pay with Google pay. doesn't show you how far away your delivery is and it's glitchy/slow. still works though.,2026-02-21 01:16:09,GB,diner,negative,False,True,App Reliability & Usability:negative:1|Delivery Time & Tracking:negative:1|Payments & Checkout:negative:1
google_play:1993ea8a-7156-475d-a67d-94fa1ffcc815,google_play,5,,waaaay cheaper than the rest 👍🏼,2026-02-21 02:10:00,GB,diner,positive,False,True,"Pricing, Fees & Promotions:positive"
google_play:9a438255-8938-406b-b8f0-6fd76b6eda9e,google_play,1,,the food was all over the bag and it was cold and the was stuff missing out of the order and waited 1 hour for the food,2026-02-21 03:29:19,GB,diner,negative,False,True,Delivery Time & Tracking:negative:2|Order Accuracy:negative:2|Food Quality & Safety:negative:2
google_play:5053cb83-0e28-42cc-98d8-21cc52bbc1c1,google_play,5,,great,2026-02-22 00:19:28,GB,unknown,positive,False,True,
google_play:fbdf7581-7b34-4397-beec-00ef98c27f8c,google_play,5,,Very good and user friendly.,2026-02-22 00:21:39,GB,diner,positive,False,True,App Reliability & Usability:positive
google_play:8a2fb4a3-ecf6-4feb-b7c0-77b20a7c6c49,google_play,5,,Great,2026-02-22 00:40:43,GB,diner,positive,False,True,
google_play:9b3152ce-25d0-40d0-af60-3956243aa119,google_play,5,,top notch service always on time and respectful,2026-02-22 01:04:39,GB,diner,positive,False,True,Delivery Driver Conduct:positive|Delivery Time & Tracking:positive
google_play:e92a37c3-ebdf-4588-9626-e52d3df7b564,google_play,5,,super fast delivery 🙂👍,2026-02-22 01:23:33,GB,diner,positive,False,True,Delivery Time & Tracking:positive
google_play:b489455e-c305-43de-98fd-7aa7a09cccad,google_play,5,,easy and cheaper then just eat,2026-02-22 02:05:33,GB,diner,positive,False,True,"Competitive Comparison:positive|Pricing, Fees & Promotions:positive|App Reliability & Usability:positive"
google_play:5fdfc0ea-bc3b-40de-a90b-63e8021c113c,google_play,1,,"the tracking is never right, just a guess",2026-02-22 02:24:57,GB,diner,negative,False,True,Delivery Time & Tracking:negative:2
google_play:6740c8c4-f7b1-4526-9e4c-cf220be26bde,google_play,5,,Great app 👍 Thank You,2026-02-22 23:55:02,GB,diner,positive,False,True,
google_play:c0d1d0b0-a8bb-4a6a-84ba-35c24ad75959,google_play,1,,very bad customer service,2026-02-23 01:37:08,GB,diner,negative,False,True,Refunds & Complaint Handling:negative:1
google_play:4792ebef-fc6e-4f86-97fa-3a3969837e14,google_play,1,,some how l have ordered things l didn't order. l have been ordering from here for years. only me but two things ordered things l never order never again sorry and l loved you,2026-02-23 01:48:33,GB,diner,negative,False,True,Order Accuracy:negative:2
google_play:cd2dc778-b6c3-4b76-abb6-a887ab19af9d,google_play,4,,App always works and has some offers,2026-02-23 22:56:01,GB,diner,positive,False,True,"Pricing, Fees & Promotions:positive|App Reliability & Usability:positive"
google_play:37d04276-14e7-4c38-bcd2-fc54180ffdfa,google_play,5,,All good. No issues,2026-02-23 23:02:20,GB,diner,positive,False,True,
google_play:c0f69366-1184-4861-b1c4-da83f065eaf3,google_play,5,,very good,2026-02-24 00:13:25,GB,diner,positive,False,True,
google_play:8d6a3dbd-5c8d-4d26-872a-ee6155edf677,google_play,5,,brillitant,2026-02-24 23:54:03,GB,diner,positive,False,True,
google_play:1fa61e4d-8b50-44ae-980e-3c4827dd74f5,google_play,1,,"Rubbish delivery, no communication",2026-02-27 23:41:33,GB,diner,negative,False,True,Delivery Time & Tracking:negative:2
google_play:f24cc57c-9438-4f67-b146-29dbbf98ad22,google_play,5,,Ordering excellent,2026-02-27 23:47:02,GB,diner,positive,False,True,App Reliability & Usability:positive
google_play:7756d080-c8d7-41f0-afcd-d77d1999bd84,google_play,5,,peri peri chicken is awesome 👌 update on the last msg.... mixed kebab in nan is levels👍,2026-02-28 01:09:48,GB,diner,positive,False,True,Food Quality & Safety:positive
google_play:c55b9855-be4d-4566-9ab3-b11e8a77a3f7,google_play,5,,easy,2026-02-28 01:56:22,GB,diner,positive,False,True,App Reliability & Usability:positive
google_play:5c384c9e-98d1-472d-8d86-828907b392f7,google_play,1,,Food was 2hrs late and was cold chips weren't cooked properly not going there again,2026-02-28 03:47:35,GB,diner,negative,False,True,Food Quality & Safety:negative:2|Delivery Time & Tracking:negative:3
google_play:c25c5e6d-1ae4-407d-8136-3bba37171ff8,google_play,5,,good,2026-02-28 22:57:53,GB,diner,positive,False,True,
google_play:bc8220a9-9799-439c-8a51-54c385352370,google_play,3,,keep having to repeat input,2026-02-28 23:08:08,GB,diner,negative,False,True,App Reliability & Usability:negative:1
google_play:1d656ee9-1531-47c5-ba43-fe538c1e70ff,google_play,5,,"Great app, easy to navigate and simple ordering process.",2026-02-28 23:31:16,GB,diner,positive,False,True,App Reliability & Usability:positive
google_play:5911cfb6-5c36-451a-8681-70e62d54bef3,google_play,1,,poor was over 30 mins late for delivery today,2026-03-01 02:40:30,GB,diner,negative,False,True,Delivery Time & Tracking:negative:2
google_play:84e289d9-3143-4f90-897b-58d33fe15de0,google_play,1,,wat too late .im not hungry any more .uber eats next time,2026-03-01 03:27:39,GB,diner,negative,False,True,Competitive Comparison:negative:2|Delivery Time & Tracking:negative:3
google_play:75dce7b3-f175-4076-ac9b-4d5e0185029b,google_play,5,,brilliant thanks,2026-03-01 04:46:28,GB,diner,positive,False,True,
google_play:bfd62142-ea36-481c-a17f-81096b8e7f80,google_play,1,,"Takes ages of deliver and it is very difficult to reach the driver, they don't reach the restaurants on time and take their own time to deliver, restaurant said that my food was ready and they were waiting for the driver to pick it up but even they were not able to reach them, I was already waiting for 2 hours and no update. it's unprofessional and bad service...",2026-03-01 23:34:26,GB,diner,negative,False,True,Delivery Time & Tracking:negative:3
google_play:bc7bd98e-82f1-49d7-a496-7a3361f7da0c,google_play,3,,need more delivery updates,2026-03-02 00:03:25,GB,diner,negative,False,True,Delivery Time & Tracking:negative:1
google_play:9668fdc5-00c2-465c-b79c-d98f2df456f6,google_play,5,,Easy to use app.,2026-03-02 18:33:29,GB,diner,positive,False,True,App Reliability & Usability:positive
google_play:7f66a8c5-5fc6-4627-abaa-affb78f317a8,google_play,3,,everytime you go to pay it asks for bank verification even though same payment details,2026-03-02 22:39:35,GB,diner,negative,False,True,Payments & Checkout:negative:2
google_play:9b858c38-1c25-4fc6-8d6b-8ac77731c769,google_play,5,,brilliant thanks,2026-03-03 21:52:51,GB,diner,positive,False,True,
google_play:b4d7e490-e962-480c-a927-938a9275e735,google_play,5,,absolutely brilliant,2026-03-04 00:36:50,GB,diner,positive,False,True,
google_play:3d6cb2d9-dcfc-42dd-a0c9-8c5d9ad85111,google_play,1,,"food over 1 hour late, excuse driver had their car impounded by the police",2026-03-04 01:20:09,GB,diner,negative,False,True,Delivery Time & Tracking:negative:3
google_play:0ded58f5-7e35-4e91-91f6-ebc1778a8ace,google_play,1,,delivery charges too high,2026-03-04 03:18:54,GB,diner,negative,False,True,"Pricing, Fees & Promotions:negative:2"
google_play:aaa84166-d74d-4f0d-93ca-cd14e9f1b758,google_play,5,,first time of using it and far simpler than just eat.,2026-03-06 01:10:19,GB,diner,positive,False,True,Competitive Comparison:positive|App Reliability & Usability:positive
google_play:50bd0127-36db-4a5b-aabf-c11d803880a7,google_play,2,,gets orders wrong to expensive you only pay with card no cash,2026-03-06 01:10:40,GB,diner,negative,False,True,"Payments & Checkout:negative:1|Pricing, Fees & Promotions:negative:1|Order Accuracy:negative:2"
google_play:d4b9afd7-7851-4dfa-9b95-f882efd69d62,google_play,5,,best kebab about always lovely and fresh and they chips are lovely and food always hot,2026-03-06 22:19:59,GB,diner,positive,False,True,Food Quality & Safety:positive
google_play:5cec528f-d4ef-4b48-b507-82f0ad2d2e0d,google_play,1,,times are all wrong. updated delivery times at the moment are 1hr behind the current time? cannot cancel on the app. never accurate,2026-03-07 01:04:37,GB,diner,negative,False,True,App Reliability & Usability:negative:1|Delivery Time & Tracking:negative:2
google_play:f586a49d-0b07-4bb4-96d6-3b352ca32a18,google_play,1,,App said delivery was 45 mins and rang the takeaway every 30mins after. After 2 hours still hadn't arrived. Cancelled the order with the takeaway but the app won't let me do anything. Still waiting for a refund!,2026-03-07 02:31:58,GB,diner,negative,False,True,Refunds & Complaint Handling:negative:3|App Reliability & Usability:negative:2|Delivery Time & Tracking:negative:3
google_play:c7ae430a-0b68-4a9b-a76a-7cbfa789cd11,google_play,5,,Much more user friendly than other competitors and overall cheaper,2026-03-07 04:14:51,GB,diner,positive,False,True,"Pricing, Fees & Promotions:positive|App Reliability & Usability:positive"
google_play:e60f8964-4bb9-442a-8c79-775c01debbe6,google_play,5,,"brilliant lovely food, piping hot and speedy delivery 🚚.",2026-03-07 04:45:24,GB,diner,positive,False,True,Delivery Time & Tracking:positive|Food Quality & Safety:positive
google_play:2536d01a-ccf6-46eb-b3e8-bb50f31cacb2,google_play,5,,easy to use no issues,2026-03-07 21:21:56,GB,diner,positive,False,True,App Reliability & Usability:positive
google_play:1913e0b2-0da8-4df5-9abb-29b38907eda8,google_play,5,,5* perfect,2026-03-07 22:32:31,GB,diner,positive,False,True,
google_play:c2f34c58-ff32-4aa1-8ead-87148048834d,google_play,5,,every meal we've had has always been freshly cooked with fantastic delivery and normal very fast too,2026-03-07 22:41:46,GB,diner,positive,False,True,Delivery Time & Tracking:positive|Food Quality & Safety:positive
google_play:921879f1-c543-46c9-b909-e48f27766e0f,google_play,5,,amazing so easy to use,2026-03-07 22:52:19,GB,diner,positive,False,True,App Reliability & Usability:positive
google_play:ff2bb2c7-0c12-4550-80ec-a6b217dc7ec5,google_play,4,,the app does the job... but needs better tracking,2026-03-07 23:22:18,GB,diner,neutral,False,True,Delivery Time & Tracking:negative:1
google_play:e3328bd8-1151-4cb3-b1b4-256c72c1a3d3,google_play,2,,unresponsive app ?,2026-03-08 00:15:47,GB,diner,negative,False,True,App Reliability & Usability:negative:1
google_play:a6055a37-5cc2-4903-a57e-b33e8262610f,google_play,5,,gd.,2026-03-08 00:17:28,GB,diner,positive,False,True,
google_play:3a23ca54-fa9f-46d8-89d6-834fb1b60227,google_play,5,,Very easy to use,2026-03-08 00:45:20,GB,diner,positive,False,True,App Reliability & Usability:positive
google_play:c04c14c9-9161-44e6-9979-d45052871ff1,google_play,5,,super fast delivery,2026-03-08 01:42:48,GB,diner,positive,False,True,Delivery Time & Tracking:positive
google_play:e5ad82ff-ff95-4036-aeaa-c39c2aabbc68,google_play,2,,Delays with orders and no customer service,2026-03-08 02:05:41,GB,diner,negative,False,True,Refunds & Complaint Handling:negative:2|Delivery Time & Tracking:negative:2
google_play:299af11f-7f60-4e78-abf8-e2b555a1681c,google_play,2,,Don't order on A Saturday night unless your prepared to wait over 2 hours!,2026-03-08 02:32:24,GB,diner,negative,False,True,Delivery Time & Tracking:negative:2
google_play:f7d5640c-d667-4e8e-ac11-511d3a9dcdb8,google_play,5,,absomouye shite preparing krser adyer half an hour,2026-03-08 21:04:50,GB,diner,negative,True,True,Food Quality & Safety:negative:1
google_play:53d0217b-93d4-497a-a6f4-73d2bfac68eb,google_play,1,,"Has to be the worst of the food delivery apps. If there is an issue youre ""greeted"" by their apparent ai, i say apparent as it seems to be something fresh out of the 1980s. Last time using the app i'd urge others to be aware as if there is a problem you'll have their help system saying "" sorry please rephrase"" repeatedly until you liose the will to live. Fortunately my late order arrived or i'd still be trying to get a reponse now.",2026-03-08 21:26:20,GB,diner,negative,False,True,Refunds & Complaint Handling:negative:3
google_play:78f456e1-16a9-46fd-aaf1-cccdf665f306,google_play,4,,Very straightforward,2026-03-08 23:33:02,GB,diner,positive,False,True,App Reliability & Usability:positive
google_play:9bd676b6-9253-446c-bdf3-8991b6e1834a,google_play,5,,Very easy to use site.,2026-03-09 00:24:45,GB,diner,positive,False,True,App Reliability & Usability:positive
google_play:13baa87c-ba19-45c0-bccc-78d2b7059ae2,google_play,1,,Food not received and refund refused!,2026-03-09 00:32:57,GB,diner,negative,False,True,Refunds & Complaint Handling:negative:3|Delivery Time & Tracking:negative:3
google_play:b5d3bf85-2b14-4ea8-8743-6910c0b5bf76,google_play,5,,better than uber,2026-03-09 22:34:24,GB,diner,positive,False,True,Competitive Comparison:positive
google_play:37f9de1b-1fac-4dd5-bbc0-b70fb59dc78a,google_play,5,,Can't fault it. Keeps you informed,2026-03-10 21:42:49,GB,diner,positive,False,True,Delivery Time & Tracking:positive
google_play:64d49c72-2b61-4ff6-b8c3-02d5a9389452,google_play,5,,"Food always hot and at least on time, frequently early. Staff always friendly.",2026-03-12 00:32:45,GB,diner,positive,False,True,Delivery Driver Conduct:positive|Delivery Time & Tracking:positive|Food Quality & Safety:positive
google_play:8ef393fd-03f5-4791-b707-7af75796596f,google_play,5,,easy and fast,2026-03-12 18:10:47,GB,diner,positive,False,True,Delivery Time & Tracking:positive|App Reliability & Usability:positive
google_play:a2066a49-1e13-41d0-b7dc-a46bea39d66e,google_play,1,,New update crashes app,2026-03-13 01:28:59,GB,diner,negative,False,True,App Reliability & Usability:negative:2
google_play:016a3197-771f-41dd-8e0f-d71cead8289e,google_play,5,,easy to use . never had an issue . enough said,2026-03-13 22:35:05,GB,diner,positive,False,True,App Reliability & Usability:positive
google_play:8efaaf0c-0eb2-424c-821f-75aed3d4fbe8,google_play,4,,good quality takeaway,2026-03-13 23:44:01,GB,diner,positive,False,True,Food Quality & Safety:positive
google_play:ecee5685-af34-4304-94b4-b54f08169ea8,google_play,5,,lovely food and brilliant service 👌,2026-03-14 00:00:10,GB,diner,positive,False,True,Food Quality & Safety:positive
google_play:1b99870b-5517-4ea9-962b-cdd05407a3e9,google_play,4,,easy to use,2026-03-14 00:28:20,GB,diner,positive,False,True,App Reliability & Usability:positive
google_play:aaf90d89-60a5-4a29-9e3e-3668554691bb,google_play,5,,always on time and they keep me updated with the delivery,2026-03-14 00:39:01,GB,diner,positive,False,True,Delivery Time & Tracking:positive
google_play:1e72ffe6-c81c-467e-9a1b-325826902fde,google_play,1,,I had items missing from my order I would not recommend this app,2026-03-14 18:36:13,GB,diner,negative,False,True,Order Accuracy:negative:2
google_play:63c2387b-5cc5-47cd-9e98-ac46a9ebbdcb,google_play,5,,so very easy to use,2026-03-15 00:23:22,GB,diner,positive,False,True,App Reliability & Usability:positive
google_play:e04a26e6-d6b8-4c4d-a69a-024a2b615c46,google_play,5,,great service once again,2026-03-15 01:39:17,GB,diner,positive,False,True,
google_play:c25f9318-9d15-47ee-a15d-f33f6d0b23b1,google_play,5,,Best chicken in Neath 👌👌👌,2026-03-15 06:58:30,GB,diner,positive,False,True,Food Quality & Safety:positive
google_play:4930b311-17a5-4be4-8441-8062d9c712ae,google_play,5,,very easy to order,2026-03-15 19:54:21,GB,diner,positive,False,True,App Reliability & Usability:positive
google_play:03e031c0-e01f-41dd-b807-f524a4c4259d,google_play,5,,good service,2026-03-15 23:15:17,GB,diner,positive,False,True,
google_play:75ae5260-010b-41e7-b779-cc02685164d7,google_play,1,,"The postcode does not show my address, it brings up 2 others nearby.",2026-03-15 23:35:04,GB,diner,negative,False,True,App Reliability & Usability:negative:2
google_play:8bb788f7-7b6e-47dc-8156-f222a19e1385,google_play,5,,great service,2026-03-16 17:51:11,GB,diner,positive,False,True,
google_play:d504d81c-6460-40ad-a59c-d8efca4dccac,google_play,5,,has saved me from starving 🙏🙏🙏🙏,2026-03-17 14:44:47,GB,diner,positive,False,True,
google_play:97e27ca1-4555-4358-989d-4fee3c9276ad,google_play,5,,SUPERB SUPERB Excellent service .,2026-03-17 23:19:50,GB,diner,positive,False,True,
google_play:f71962f2-5044-453d-b6dd-3de35e4f23c9,google_play,1,,"the app isn't easy to use, and has fewer options within the kebab list. Like, YOU MUST HAVE PITTA OR NAAN BREAD? I don't want bread, or with SALAD OR SAUCE? what happens if I want both?",2026-03-18 00:59:13,GB,diner,negative,False,True,App Reliability & Usability:negative:2
google_play:248dfcb4-54c9-4e3d-89a4-982a9bcd484b,google_play,5,,fast reliable.. much better than Uber and just eat,2026-03-18 02:41:53,GB,diner,positive,False,True,Competitive Comparison:positive|App Reliability & Usability:positive|Delivery Time & Tracking:positive
google_play:a15f4eec-6bd3-4acf-a97d-7b8178f8c79d,google_play,3,,Original rating was a long time ago the app now running in 2026 is very full of bugs and keeps looping and losing orders when you get to the checkout ! THIS IS VERY FRUSTRATING WHEN I PLACE AN ORDER FOR MY FAMILY 12 - 15 PEOPLE AND YOU CLICK ORDER AND IT TELLS YOU THIS WEBSITE CAN NOT BE REACHED AND THEN WIPES OUT THE ORDER SO YOU HAVE TO START AGAIN ! SORT IT OUT PLEASE !! IF NOT I WILL TAKE MY CUSTOM ELSEWHERE And it's not just my phone other members of my family have the same !!,2026-03-18 09:10:25,GB,diner,negative,True,True,App Reliability & Usability:negative:3
google_play:64e33df6-6018-44d1-9a65-1991a49aa81a,google_play,5,,absolutely delicious and piping hot every time 🙂,2026-03-18 23:33:57,GB,diner,positive,False,True,Food Quality & Safety:positive
google_play:a1b17fa0-d43a-41ef-94f5-85acba192365,google_play,5,,easy to use,2026-03-19 00:01:23,GB,diner,positive,False,True,App Reliability & Usability:positive
google_play:6d304b79-0248-4516-94ac-b4b4e5279a5f,google_play,5,,nice food,2026-03-19 01:10:27,GB,diner,positive,False,True,Food Quality & Safety:positive
google_play:768c6642-53b2-4460-b59c-c6dcf755fbf4,google_play,5,,such a great app way cheeper for demivery than uber / deliveroo and just eat,2026-03-19 01:16:52,GB,diner,positive,False,True,"Competitive Comparison:positive|Pricing, Fees & Promotions:positive"
google_play:12b2f40d-95bc-4d9d-862c-7338227d87e1,google_play,3,,Would approve from Benefit!,2026-03-19 21:06:23,GB,unknown,neutral,False,True,
google_play:7a264bae-e8af-4bb1-bcde-cebbd4a31930,google_play,5,,easy and quick,2026-03-19 23:28:47,GB,diner,positive,False,True,App Reliability & Usability:positive
google_play:bef590e5-80fd-4a64-ba4b-b1ccf0d9c493,google_play,1,,it can't put my location,2026-03-20 20:38:05,GB,diner,negative,False,True,App Reliability & Usability:negative:2
google_play:b33d9994-a954-4aa4-a6ef-cd083d20aabe,google_play,4,,was easy to use until they changed the way everything is displayed take a couple of minutes now too find my favourite shops,2026-03-20 23:15:15,GB,diner,negative,False,True,App Reliability & Usability:negative:1
google_play:b9cc4255-5ad9-44d2-8d5e-318bbed6207f,google_play,5,,Top service every time 👌,2026-03-20 23:36:44,GB,diner,positive,False,True,
google_play:b42ad667-1e62-4798-9407-138b73efee3b,google_play,5,,"way cheaper than just eat and Uber eats, and so much more choice!!",2026-03-21 00:29:04,GB,diner,positive,False,True,"Competitive Comparison:positive|Pricing, Fees & Promotions:positive"
google_play:367ca118-8bf7-41dc-b353-e09ee106f006,google_play,1,,"The service, not the app, was terrible. Constantly changing ETA.",2026-03-21 02:14:53,GB,diner,negative,False,True,Delivery Time & Tracking:negative:2
google_play:9e7a8c79-e1af-4554-bfef-c7ee49b264ee,google_play,1,,awful,2026-03-21 04:21:44,GB,diner,negative,False,True,
google_play:b0b0ca43-0c3b-4c15-a62a-e881e5d75bd9,google_play,4,,worked well until failure of 'ready' status being notified to us. I t was ready when we arrived in our taxi but more luck than certainty.,2026-03-21 05:19:52,GB,diner,negative,False,True,Delivery Time & Tracking:negative:1
google_play:c6fb492e-3619-4d72-bf8e-a99b9acc3634,google_play,5,,"have used this app several times and each time has been brilliant, easy to use, and definitely not a rip off like some delivery apps, a very fair charge for the convenience of home delivery 🚚🚚",2026-03-21 21:59:05,GB,diner,positive,False,True,"Pricing, Fees & Promotions:positive|App Reliability & Usability:positive"
google_play:e1aac9a2-cba6-4806-ac7d-0e54db95ebaf,google_play,5,,An exciting and tasty way to order food,2026-03-21 23:24:34,GB,diner,positive,False,True,Food Quality & Safety:positive
google_play:00a96c7c-acfc-4ecc-8ee9-b83030bfbec2,google_play,4,,"The home page did not list any restaurants, of which there are 3 on this app in my area, to filter. Only found restaurants (and only 2 of 3) when I tapped on offers. Really needs to have all available restaurants listed on the home page ready for the sorting. Otherwise nice improvements!",2026-03-21 23:41:32,GB,diner,positive,False,True,App Reliability & Usability:negative:1
google_play:3c075b82-3390-442b-aa25-888251da8f5f,google_play,3,,"messy app. crashing, keeps resetting pages. highly non user friendly.",2026-03-22 00:11:56,GB,diner,negative,True,True,App Reliability & Usability:negative:2
google_play:3b1e44ae-cfc9-4a15-b10c-278631e2f7e3,google_play,3,,"to order was easy enough, but knowing when to collect the foods is a different story, we have collected it but the app says its still cooking it.",2026-03-22 00:42:51,GB,diner,neutral,False,True,Delivery Time & Tracking:negative:2|App Reliability & Usability:positive
google_play:9717d06b-b048-4385-bf51-500697cd7828,google_play,5,,good,2026-03-22 00:48:27,GB,diner,positive,False,True,
google_play:a7df5007-7a03-41fe-8f34-057a8fd99833,google_play,5,,very easy to use,2026-03-22 01:12:35,GB,diner,positive,False,True,App Reliability & Usability:positive
google_play:ed9422b2-b744-4293-8a3b-e4d9f9e4c2ee,google_play,2,,"the app is useless tracking on it is terrible, and the help functions are terrible",2026-03-22 02:44:28,GB,diner,negative,False,True,Refunds & Complaint Handling:negative:2|Delivery Time & Tracking:negative:2|App Reliability & Usability:negative:2
google_play:ab84de29-f33a-4d23-91f6-dcb083f8ca08,google_play,5,,very easy app to use.,2026-03-22 23:56:00,GB,diner,positive,False,True,App Reliability & Usability:positive
google_play:65a9ca45-4d37-49a8-bb3e-8d29facdd67d,google_play,1,,"said was 25 mins untill delivery still cooking. but I get a knock on the door. timings need looking at for ordering, cooking and delivering. something's not right.",2026-03-23 00:31:50,GB,diner,negative,False,True,Delivery Time & Tracking:negative:1
google_play:a95da436-70da-4501-8778-cc1a745d2042,google_play,1,,"Fast and easy to set up and order I am redoing my review. worst app ever, tells you your order has been accepted and payment taken. then 5 mins later, O it's been cancelled and you not getting your money back for 5days, great news now I can't eat for 2 days as I don't have any more money to get any. stay away dangerous app",2026-03-23 22:05:09,GB,diner,negative,False,True,Payments & Checkout:negative:2|Refunds & Complaint Handling:negative:3
google_play:7a13f25f-8f5f-4a01-b22c-c1d65fe46689,google_play,5,,Awesome.,2026-03-24 00:18:04,GB,diner,positive,False,True,
google_play:27e8947f-abc0-431b-ac81-41b2483cd0a2,google_play,1,,wrong order delivered no cookie dough delivered,2026-03-25 00:54:29,GB,diner,negative,False,True,Order Accuracy:negative:2
google_play:a1f730fa-8866-483e-a339-176e972d336b,google_play,4,,a lot cheaper than other apps.,2026-03-26 00:04:46,GB,diner,positive,False,True,"Pricing, Fees & Promotions:positive"
google_play:a8ba6405-4a02-41b0-a72f-a77188cf8002,google_play,5,,excellent.,2026-03-27 02:54:56,GB,diner,positive,False,True,
google_play:ae2219f6-db7d-4f9a-bc9c-f4cd66e28055,google_play,5,,"hassle free, straight forward ordering",2026-03-28 00:56:48,GB,diner,positive,False,True,App Reliability & Usability:positive
google_play:47dd14e8-8b51-490b-ae29-eaa5dc4ed18f,google_play,5,,well priced ordered very easy,2026-03-28 01:24:11,GB,diner,positive,False,True,"App Reliability & Usability:positive|Pricing, Fees & Promotions:positive"
google_play:b4865d78-86fa-420a-9dcd-16717eb73497,google_play,5,,easy to use,2026-03-28 02:16:26,GB,diner,positive,False,True,App Reliability & Usability:positive
google_play:f2aeb37f-06be-4cc9-8e49-2fdd756322cc,google_play,5,,Great options and easy to use,2026-03-28 02:19:44,GB,diner,positive,False,True,App Reliability & Usability:positive
google_play:fee90cac-83b1-4614-ba7f-b313f534594e,google_play,5,,Good 👍,2026-03-28 19:42:37,GB,unknown,positive,False,True,
google_play:cba4fadc-4aaf-49bf-8442-5bafdcb1544d,google_play,5,,very good,2026-03-28 21:59:38,GB,diner,positive,False,True,
google_play:eea0f629-833a-4e6e-b601-218bf7977b70,google_play,5,,excellent,2026-03-29 01:20:44,GB,unknown,positive,False,True,
google_play:62818b79-ad03-44ea-b548-a7cc361122b4,google_play,1,,Scamming company. I was looking through my local takeaways and one of them is known to be expensive but when ordering through food hub it made me select 2 free items before I could complete my order so the price then didn't seem bad at all. I ordered a pizza and my children were looking forward to the free items. When my order arrived the free items didn't come so it cost me £25 for 1 pizza and chips! I won't be using food hub ever again,2026-03-29 11:12:49,GB,diner,negative,False,True,"Restaurant Listings & Trust:negative:2|Pricing, Fees & Promotions:negative:3"
google_play:00ba7e48-2279-42a4-b536-882cea9dceea,google_play,4,,spot on no problem whatsoever 👌,2026-03-29 20:51:14,GB,diner,positive,False,True,
google_play:5de9ca8f-5889-431d-9b8e-d8c1d7876ab2,google_play,5,,brilliant,2026-03-29 22:17:54,GB,unknown,positive,False,True,
google_play:356a567b-f600-4bc2-897e-5aebbf470f47,google_play,4,,"a bug has been happening where when I confirm payment and return to the Foodhub app it says ""payment declined"". However I then get multiple notifications saying ""the order has been accepted"" meaning I have to check with my card provider as it still shows my order in the basket. I have checked for updates and also uninstalled/reinstalled but keep having the same issue.",2026-03-29 22:29:27,GB,diner,negative,True,True,App Reliability & Usability:negative:2|Payments & Checkout:negative:2
google_play:50f54a88-5e49-4322-b900-0d5be54a2d9f,google_play,4,,not much choice in restaurants but easy to navigate app,2026-03-30 00:01:08,GB,diner,positive,False,True,App Reliability & Usability:positive
google_play:37bb62d5-61c6-456c-b9a7-0cae87451c70,google_play,1,,"This app is trash. it keeps saying that the guy delivered the order when he didn't, everytime. then you lose access to the tracking and you have to call him to get an idea of where he is, when he picks up. there's also no code system to secure the delivery. very poor range of restaurants available. pretty bad experience overall",2026-03-30 18:44:16,GB,diner,negative,False,True,App Reliability & Usability:negative:2|Delivery Time & Tracking:negative:3
google_play:9201c16f-5939-4404-b2e3-69ceb96fa4b9,google_play,5,,really good,2026-03-30 20:39:45,GB,diner,positive,False,True,
google_play:cd7e2b7b-e4b5-49b8-a84e-2328d56369a3,google_play,1,,"Update please. App crashed n it didn't give me order confirmation was half way through chasing the money back when I got the email it went through. Stressful mess about hopefully the food arrives 🤷‍♂️ update the app my days it's broken beyond belief.... open the app and it's trying to order food for me without pressing anything... 30.3.26 the app is so broken it doesn't show open places I usually order from, can't change saved details just sends orders to wrong address. scam site now.",2026-03-31 00:45:08,GB,diner,negative,False,True,App Reliability & Usability:negative:3
google_play:26bc0c67-d328-492b-a33c-da80230f89cc,google_play,5,,"efficient and courteous, would recommend to everybody, a service with a smile",2026-03-31 01:56:38,GB,diner,positive,False,True,Delivery Driver Conduct:positive
google_play:a008e603-6c21-4d73-ac04-4a4d470284c9,google_play,3,,"Food just about warm, don't no y wen we r just 5 min drive away",2026-03-31 02:44:34,GB,diner,negative,False,True,Food Quality & Safety:negative:1
google_play:7290790d-8122-4091-8d75-775722e11912,google_play,5,,Easy to use and straight forward to ordering.,2026-03-31 21:26:48,GB,diner,positive,False,True,App Reliability & Usability:positive
google_play:5271eaea-5b91-4daa-a1d6-609a130f1334,google_play,1,,"Rubbish, everytime i try and order and pay it times out, total waste of time.",2026-03-31 21:49:58,GB,diner,negative,False,True,Payments & Checkout:negative:2
google_play:5adc21ce-d200-4e3c-b066-137b33e1e16f,google_play,4,,easy to use and seems to be very reliable,2026-03-31 21:51:59,GB,diner,positive,False,True,App Reliability & Usability:positive
google_play:e60f3878-323c-4f5f-9d8c-edd50276ddc1,google_play,5,,excellent food hot when arrived and early,2026-03-31 22:27:10,GB,diner,positive,False,True,Delivery Time & Tracking:positive|Food Quality & Safety:positive
google_play:330b7bba-e690-4646-9c9f-46ca827620bc,google_play,5,,"easy UI to use, does late delivery + great food",2026-04-01 04:50:00,GB,diner,positive,False,True,Food Quality & Safety:positive|Delivery Time & Tracking:positive|App Reliability & Usability:positive
google_play:4ed40708-c3a8-4c83-817b-47d52835ee73,google_play,1,,"Aweful if you ever get food poisoning, no refunds.",2026-04-01 05:17:10,GB,diner,negative,False,True,Refunds & Complaint Handling:negative:3|Food Quality & Safety:negative:3
google_play:15fcd675-55ec-435c-b33c-8a722f911a5d,google_play,1,,App has stopped recognising my address.,2026-04-01 18:57:50,GB,diner,negative,False,True,App Reliability & Usability:negative:2
google_play:fd1f1f68-32cd-4e37-ba58-ceb5832725d1,google_play,1,,the app wont find my address but will find my neighbours,2026-04-01 21:11:04,GB,diner,negative,False,True,App Reliability & Usability:negative:2
google_play:c87d624b-1211-456c-8155-939d09953501,google_play,1,,all my previous orders have disappeared as have all my locl restaurants I guess you no longer operate in Australia.,2026-04-02 15:25:04,GB,diner,negative,False,True,App Reliability & Usability:negative:2
google_play:e3e31906-2eb6-4138-b65e-3c22cbbaae93,google_play,5,,"amazing ordering system, easy nav to buttons, and over all I great system",2026-04-02 16:35:20,GB,diner,positive,False,True,App Reliability & Usability:positive
google_play:d24651e0-9f8d-45fb-8eb2-00f703431c47,google_play,5,,beautiful 😍,2026-04-02 18:20:07,GB,diner,positive,False,True,
google_play:25726775-6277-4b41-8e6d-f4a945dbd9d8,google_play,5,,"Food is usually great, but if not then the service and refunds are quick with no fuss! Granted you provide adequate proof, of course. Please mind that only real time photos are allowed and you cannot upload photos from your gallery for a refund! Completely understandable with scammers nowadays... Delivery is swift, usually arriving before the estimated time, and I haven't had any issues with missing items (except for tartar sauce, but that's not the delivery driver's fault lol.) Thanks Foodhub!",2026-04-02 21:27:12,GB,diner,positive,False,True,Order Accuracy:negative:1|Order Accuracy:positive|Delivery Time & Tracking:positive|Refunds & Complaint Handling:positive
google_play:62527b7b-ba0b-4240-a161-76a19a4bf3fd,google_play,5,,super easy to use,2026-04-02 21:48:28,GB,diner,positive,False,True,App Reliability & Usability:positive
google_play:00d5cdb5-c595-4cea-81c9-666411c5a5b1,google_play,5,,great as always efficient and always on time .,2026-04-02 22:18:25,GB,diner,positive,False,True,Delivery Time & Tracking:positive
google_play:ca641418-c28f-4f53-85df-8c9a87967c36,google_play,4,,as a first time user very intuitive and the timing for delivery accurate.,2026-04-02 22:55:01,GB,diner,positive,False,True,App Reliability & Usability:positive|Delivery Time & Tracking:positive
google_play:44a5ecf0-c281-4b62-8f86-26cb8083159d,google_play,5,,Super,2026-04-02 23:31:20,GB,diner,positive,False,True,
google_play:f9a0aa69-c563-47dc-98c8-397883b909bf,google_play,1,,"I ordered food from Hong Kong Chinese bishop Auckland, waited well over the time, called them was placed on hold, then when she came back to the phone 📱 said on its way and hung up on me, she was so rude, won't be ordering from them again, not a good experience. disgusting the way they treat customers , don't order from here.",2026-04-02 23:49:49,GB,diner,negative,False,True,Delivery Time & Tracking:negative:2
google_play:077d45ba-2780-4305-954d-ae93fb0044db,google_play,1,,"absolute shite. don't bother, wait around all night for an order that will never arrive.",2026-04-03 02:47:46,GB,diner,negative,False,True,Delivery Time & Tracking:negative:3
google_play:eba2857a-53bd-4436-ad9c-673df4230701,google_play,2,,"thay did resolve my problem. however it is a nightmare to get a hold of some to resolve any problem, and it has happened a good couple of times now .",2026-04-03 23:50:59,GB,diner,negative,False,True,Refunds & Complaint Handling:negative:2
google_play:4c8b5d0f-b150-42ab-8dd1-c243d8b04b56,google_play,5,,great,2026-04-04 00:03:34,GB,unknown,positive,False,True,
google_play:fccb2b7b-14ec-4d34-b260-b5286afa2544,google_play,5,,I have uber one. but find all prices inflated. so cheaper to use food hub than use my uber discount.,2026-04-04 00:40:57,GB,diner,positive,False,True,"Competitive Comparison:positive|Pricing, Fees & Promotions:positive"
google_play:51be4f6d-a2aa-4c5f-ba16-805338501891,google_play,1,,horrendous,2026-04-04 21:26:59,GB,unknown,negative,False,True,
google_play:fdaa3507-3e17-473e-8bc2-79bee9831104,google_play,5,,very easy and quick,2026-04-04 21:37:18,GB,diner,positive,False,True,App Reliability & Usability:positive
google_play:a3d9c63a-7362-435d-a3f1-54bcfc031d9a,google_play,5,,Good experience quick and reliable 👌,2026-04-04 23:53:01,GB,diner,positive,False,True,App Reliability & Usability:positive
google_play:314ddd2f-64c9-4fbf-b3fd-22cd71f73337,google_play,5,,Excellent easy to use.,2026-04-05 00:51:00,GB,diner,positive,False,True,App Reliability & Usability:positive
google_play:1ab52f30-705d-4400-a962-caee92720f63,google_play,5,,yeh great and easy to use,2026-04-05 02:12:46,GB,diner,positive,False,True,App Reliability & Usability:positive
google_play:27626742-163b-437f-a6cd-1bcf0d68a2f9,google_play,5,,always get a good food portion and good time too,2026-04-06 00:46:26,GB,diner,positive,False,True,Delivery Time & Tracking:positive|Food Quality & Safety:positive
google_play:c37e4683-6516-4d5c-b9f8-30d459ad1d25,google_play,5,,great 👍,2026-04-06 05:39:01,GB,diner,positive,False,True,
google_play:583456a4-1a3d-4def-98cf-8a3c55b56f2d,google_play,5,,Great service,2026-04-06 23:10:48,GB,diner,positive,False,True,
google_play:b6cddc28-a703-49a0-ac45-d0e8d95e5d17,google_play,1,,"Terrible Terrible experience. When contacting customer service, the auto chat forwards the number of the Restaurant. Restaurant said they didn't receive ANY ORDER via this app. Themselves complaining ""this app is terrible"" (Chicago Pizza). Then Restaurant hangs up. THIS IS A SCAM - STAY AWAY",2026-04-06 23:30:19,GB,diner,negative,False,True,Refunds & Complaint Handling:negative:2|Restaurant Listings & Trust:negative:3
google_play:5443b54a-c3d4-466d-9a79-0e9630f5300b,google_play,5,,quick,2026-04-07 01:39:55,GB,unknown,positive,False,True,
google_play:836c070c-b034-4407-a05d-dfd5037bd623,google_play,2,,They don't allow you to sign up via email and don't allow payment via PayPal so needlessly need to risk entering card details and link with Google which I didn't want to do. Neither of these things are acceptable. Fix it or I won't order again with you,2026-04-07 02:22:46,GB,diner,negative,False,True,App Reliability & Usability:negative:1|Payments & Checkout:negative:2
google_play:b49566cf-bd3c-400d-942e-a4de79ab6162,google_play,5,,"I am updating my review 2 years on and it still stands, if anything Foodhub have just got better,they are excellent they have improved the app over that time. I now only use foodhub for home delivery, it is reliable the prices are much more reasonable there is a better choice of local takeaways and restaurants it keeps you up to date on your order and makes it easy to contact the relevant people if there is an issue.",2026-04-07 22:55:44,GB,diner,positive,False,True,"Refunds & Complaint Handling:positive|Delivery Time & Tracking:positive|Pricing, Fees & Promotions:positive|App Reliability & Usability:positive"
google_play:705936da-8305-41f8-a8da-54bbc69ae3e0,google_play,5,,By far and away my goto food app,2026-04-07 23:24:49,GB,diner,positive,False,True,
google_play:1b7dd845-731b-4ce7-8051-4d4493e9eb62,google_play,5,,A really easy website which makes ordering a doddle!,2026-04-08 00:32:55,GB,diner,positive,False,True,App Reliability & Usability:positive
google_play:f1731c91-32f6-43b1-9668-1463c7fcf4c5,google_play,5,,fast and efficient service,2026-04-08 20:27:40,GB,diner,positive,False,True,Delivery Time & Tracking:positive
google_play:f6b29978-6e49-48b4-9875-e8390713e1ec,google_play,1,,"my delivery driver tonight, paid a child over the road to drop off my delivery.. Absolutely appalling behaviour.. your paid to do the job !! delivery is expected 👍",2026-04-08 23:51:24,GB,diner,negative,False,True,Delivery Driver Conduct:negative:3
google_play:ea26c683-320b-4347-8556-78f133289d95,google_play,1,,terrible,2026-04-09 04:59:01,GB,unknown,negative,False,True,
google_play:9c3bc9af-20cc-4dc0-a0ee-0bcb55afaf11,google_play,1,,Useless app - just plain fails to be of help.,2026-04-09 22:16:21,GB,diner,negative,False,True,App Reliability & Usability:negative:2
google_play:ad64d84f-409c-4683-b1a4-fc5691564db7,google_play,5,,"top food for good price, Box 3 is the one for me",2026-04-09 23:40:52,GB,diner,positive,False,True,"Pricing, Fees & Promotions:positive|Food Quality & Safety:positive"
google_play:bfc605d9-a475-464b-9529-8f9e4c483dc5,google_play,1,,"map is terrible, car is either indonesia or down the road 🫥",2026-04-10 16:41:43,GB,diner,negative,False,True,Delivery Time & Tracking:negative:2
google_play:5b775d41-18fc-4352-89c1-b29f4e27d142,google_play,4,,very user friendly,2026-04-10 21:22:00,GB,diner,positive,False,True,App Reliability & Usability:positive
google_play:c565c1c5-f30a-406c-b492-f542ff6b5d93,google_play,5,,Fast and very efficient,2026-04-10 21:51:11,GB,diner,positive,False,True,Delivery Time & Tracking:positive
google_play:0cf4ea76-6ab7-4686-ace4-bf419119a900,google_play,5,,so easy,2026-04-10 22:27:48,GB,diner,positive,False,True,App Reliability & Usability:positive
google_play:790e5fa7-5065-4725-8c2b-bd28452f3a9f,google_play,5,,"Great app, great service A+++",2026-04-11 20:23:54,GB,diner,positive,False,True,
google_play:e4f4a0c7-b610-49aa-96c6-26c3531f9999,google_play,5,,easy to use quick updates on the progress of your food,2026-04-11 22:19:01,GB,diner,positive,False,True,Delivery Time & Tracking:positive|App Reliability & Usability:positive
google_play:e70eca8a-d1ff-496d-b5b7-ab8eb38a8442,google_play,5,,excellent,2026-04-11 22:49:09,GB,unknown,positive,False,True,
google_play:f797e271-8d37-409a-8344-db30b743c86a,google_play,5,,Absolutely amazing app!,2026-04-12 01:07:32,GB,diner,positive,False,True,App Reliability & Usability:positive
google_play:a30fe91e-1d32-4bff-932e-2dd44c09792e,google_play,5,,easy to use,2026-04-12 01:56:05,GB,diner,positive,False,True,App Reliability & Usability:positive
google_play:4adf5f0b-d2e2-4db9-bfab-7df005d39db4,google_play,5,,good,2026-04-12 14:18:01,GB,unknown,positive,False,True,
google_play:0e93ff72-3f34-42a6-9aaf-746f6bf7f0b9,google_play,5,,Brilliant app. I've come over from just eats (after using them for a few years now) because both mine and wifes payment started to error and not go through (worked before hand and on everything else). Just eats support was useless and blamed us. Also same order from same restaurant was £3 cheaper on foodhub.,2026-04-12 23:24:03,GB,diner,positive,False,True,"Pricing, Fees & Promotions:positive|Competitive Comparison:positive"
google_play:a507f963-6aa5-447f-9a56-79f88a4fad18,google_play,5,,excellent,2026-04-12 23:39:25,GB,diner,positive,False,True,
google_play:582ccbac-8928-45a9-b5f3-182fd574dfdd,google_play,1,,no tracking cook time to delivery nearly 2 hours no point ordering anymore tbh lost the will to live also when I have contacted the help desk they promise a voucher you never ever get I will stick to collect myself in future and it's cheaper,2026-04-13 01:31:25,GB,diner,negative,False,True,Refunds & Complaint Handling:negative:2|Delivery Time & Tracking:negative:3
google_play:d0539104-10ed-455a-a3d9-deea8eb790cf,google_play,5,,simple,2026-04-13 21:40:29,GB,diner,positive,False,True,App Reliability & Usability:positive
google_play:a4266b65-cef4-4f47-8fcd-16b6d9ae35ac,google_play,5,,Great quick easy,2026-04-13 23:14:08,GB,diner,positive,False,True,App Reliability & Usability:positive
google_play:484c35d1-df62-449f-baca-8ed81d01059c,google_play,1,,"Absolute scam. Orders are typically way more expensive than if you phone the order through directly. If you don't mind paying premium prices to use an app then go ahead but for a little extra effort, picking up the phone can save you substantially. This of course would be fine if they made this transparent bit the fact they charge you and hope you don't notice of why I am giving this one star! Waste of money",2026-04-14 17:43:52,GB,diner,negative,False,True,"Pricing, Fees & Promotions:negative:3"
google_play:6d1a981e-530d-4498-9048-92eb8ca5896b,google_play,5,,Outstanding Effort Making This App.,2026-04-14 20:38:08,GB,diner,positive,False,True,App Reliability & Usability:positive
google_play:7c3bf688-df9d-40d5-8f7f-341ee9c35eb6,google_play,5,,great work,2026-04-14 20:59:39,GB,diner,positive,False,True,
google_play:265f3601-6222-42e7-919e-d27923ffd706,google_play,1,,"I have just wasted the past half hour trying to make a complaint on the Foodhub app regarding a cold and obviously reheated meal that was over half an hour late AGAIN! Unfortunately,  the app would not let me proceed with my complaint!  It looks like (possibly) because it wanted photos of the 'cold' food! What a complete and utter waste of time and money. So. Thanks a lot ...Pisces Fish n Chips Boston  and Foodhub!",2026-04-15 00:55:34,GB,diner,negative,False,True,Delivery Time & Tracking:negative:2|Food Quality & Safety:negative:2|Refunds & Complaint Handling:negative:3
google_play:d5aef379-9973-4df0-8161-bb24ba302d57,google_play,5,,quick and easy,2026-04-15 21:29:13,GB,diner,positive,False,True,App Reliability & Usability:positive
google_play:a1920e05-fd07-49de-a971-92261c5438c6,google_play,4,,waited restaurant closed editing review tired again have since had it twice arrived hot and was delicious what happened that time I don't no but lovely food great variety,2026-04-16 18:13:06,GB,diner,positive,False,True,Food Quality & Safety:positive|Restaurant Listings & Trust:negative:1
google_play:c70e8821-f403-4809-911e-94825fcd6875,google_play,2,,my bank doesn't seem to trust this app and cant name a payment so gone elsewhere on justeat,2026-04-17 22:01:27,GB,diner,negative,False,True,Competitive Comparison:negative:2|Payments & Checkout:negative:3
google_play:84dff213-43ba-4a26-b4ac-dd387a0c1492,google_play,5,,excellent,2026-04-18 01:35:06,GB,diner,positive,False,True,
google_play:7d69c7d6-50a1-4b2a-851f-1718d9c610ea,google_play,3,,"Good selection of takeaways and cheaper than other similar services. BUT the app isn't as good as it used to be. It doesn't let me reorder a previous order any more, I have to put all the selections in from scratch.",2026-04-18 22:02:59,GB,diner,neutral,False,True,"App Reliability & Usability:negative:1|Pricing, Fees & Promotions:positive|Restaurant Listings & Trust:positive"
google_play:1b50b39a-354b-4f5c-9037-3f009999a5a9,google_play,5,,better than the other food app,2026-04-18 22:21:44,GB,diner,positive,False,True,
google_play:c684d02d-edfc-4d72-85fe-dfc7e19da6fa,google_play,4,,quick and easy lots of places to choose from and less on process fees winner winner chicken dinner!,2026-04-18 22:52:34,GB,diner,positive,False,True,"Pricing, Fees & Promotions:positive|Delivery Time & Tracking:positive"
google_play:425c03db-397a-4a1d-9d37-fb7d46a5520d,google_play,3,,the tracking is arse could do with it tracking the mobile of the delivery guy. other than that its alright.,2026-04-19 02:01:05,GB,diner,neutral,False,True,Delivery Time & Tracking:negative:2
google_play:911a3d97-f87e-4882-b1b3-0f9116af95aa,google_play,5,,nice and easy,2026-04-19 23:39:39,GB,diner,positive,False,True,App Reliability & Usability:positive
google_play:c181d74f-b6d0-4590-bc0f-c41a980a53cf,google_play,4,,"Easy to use, however occasional freeze trying to switch from delivery to pickup. close clear and reopen fixed it and my basket wasnt lost.",2026-04-20 22:11:25,GB,diner,positive,False,True,App Reliability & Usability:negative:1|App Reliability & Usability:positive
google_play:f18caac2-2dc8-4f47-a6c7-e06566ff99a5,google_play,5,,would be better if there was an option to pay by cash like just eat do now so why are just eat and Uber offering this,2026-04-21 17:56:37,GB,diner,negative,True,True,Competitive Comparison:negative:1|Payments & Checkout:negative:1
google_play:5f26ae89-3f16-4c1d-a295-bba7213d962c,google_play,5,,cool,2026-04-21 23:22:20,GB,unknown,positive,False,True,
google_play:14c2d275-4bc9-4602-a480-c1a28c399faf,google_play,1,,The place i ordered from is closed yet you still let me order and took money off me,2026-04-22 00:12:25,GB,diner,negative,False,True,Restaurant Listings & Trust:negative:3
google_play:d84a8f4c-7c5a-407e-90e3-aa7d6430fa8f,google_play,5,,good food,2026-04-22 19:17:32,GB,diner,positive,False,True,Food Quality & Safety:positive
google_play:d69b0c34-40ff-4468-9ede-6b0cefca8668,google_play,4,,quick and easy,2026-04-23 20:26:13,GB,diner,positive,False,True,App Reliability & Usability:positive
google_play:24567b41-5c50-4908-b53e-d525ea7618aa,google_play,5,,"easy to use, no hassle",2026-04-24 00:26:23,GB,diner,positive,False,True,App Reliability & Usability:positive
google_play:82744c6e-a586-4221-8037-6ffedf4ab01e,google_play,5,,excellent easy to use,2026-04-24 00:29:36,GB,diner,positive,False,True,App Reliability & Usability:positive
google_play:15ed2e2f-8d60-473c-a322-1d5f4c5e27a8,google_play,1,,overcharged delivery fee,2026-04-25 00:03:48,GB,diner,negative,False,True,"Pricing, Fees & Promotions:negative:2"
google_play:cb34bd3d-2ed8-4ec9-a01f-30bbf9bbc6e0,google_play,5,,good experience. can't fault it. better than most apps.,2026-04-25 23:47:00,GB,diner,positive,False,True,App Reliability & Usability:positive
google_play:bc5e05ed-4557-477f-a40c-0089221619c7,google_play,3,,found it differcoult to use,2026-04-26 02:14:36,GB,diner,negative,False,True,App Reliability & Usability:negative:1
google_play:6b12058e-7e97-4c5b-9581-c64aa8fd3566,google_play,1,,not impressed...wrong card,2026-04-27 01:21:33,GB,diner,negative,False,True,Payments & Checkout:negative:2
google_play:d14db966-44e9-4298-b597-8668198e6ebb,google_play,1,,Would give 0 stars if I could. I tried to order multiple times over the past 3 months and all my orders got cancelled. Stick with Just Eat.,2026-04-27 04:59:40,GB,diner,negative,False,True,Competitive Comparison:negative:2|App Reliability & Usability:negative:3
google_play:ef43c87d-92ef-4fe8-a910-789201af4dbd,google_play,5,,easy to use,2026-04-27 21:20:47,GB,diner,positive,False,True,App Reliability & Usability:positive
google_play:9498d128-7c98-409e-95d8-bd8f70d786d4,google_play,5,,Beautiful food fast delivery 😁,2026-04-29 21:49:54,GB,diner,positive,False,True,Delivery Time & Tracking:positive|Food Quality & Safety:positive
google_play:dfa36b2d-7d29-4fd8-b586-22df532ae2cc,google_play,5,,Good easy to follow,2026-05-01 01:40:26,GB,diner,positive,False,True,App Reliability & Usability:positive
google_play:9c3491e4-3600-4c7a-b38d-cd72e5a0555b,google_play,4,,👍,2026-05-01 04:27:39,GB,unknown,positive,False,True,
google_play:252d5f5a-fc7b-42a6-8854-d00aa3302e48,google_play,1,,so busy trying to upsell me on every click makes the app annoying and difficult to use. I just wanted to check what's in the basket. Animations just get in the way and slow the process. no option ( I can see) to clear the basket in one go.,2026-05-01 20:27:23,GB,diner,negative,False,True,App Reliability & Usability:negative:2
google_play:87177473-ab1f-4052-9556-826cb68ddf0f,google_play,5,,excellent,2026-05-01 22:02:13,GB,diner,positive,False,True,
google_play:1961cc5c-bcea-4c66-b3d3-33a4628540cf,google_play,5,,1st Class easy experience,2026-05-01 22:42:53,GB,diner,positive,False,True,App Reliability & Usability:positive
google_play:b8d84871-3f83-468d-8ea9-5408d089dcac,google_play,4,,"abit late,takes a long time waited 30 minutes to be ready to come and drop it off reccomend it though",2026-05-01 23:35:24,GB,diner,positive,False,True,Delivery Time & Tracking:negative:1
google_play:0caa20c2-42e9-4a52-8420-049706be050c,google_play,5,,Pizza World Bantry... Amazing service. Friendly and very accommodating,2026-05-02 03:02:01,GB,diner,positive,False,True,
google_play:46b728b5-637d-4ade-b331-f77a3c538ec7,google_play,3,,Should have facility to add notes with order.,2026-05-02 22:49:43,GB,diner,neutral,False,True,App Reliability & Usability:negative:1
google_play:55e81465-e25c-4f6b-9c4f-90c3c4c7b519,google_play,5,,excellent,2026-05-02 23:25:54,GB,unknown,positive,False,True,
google_play:ba454831-9527-4ced-b804-31e9ffabaa0e,google_play,5,,Cheaper than Uber eats,2026-05-03 01:40:37,GB,diner,positive,False,True,"Competitive Comparison:positive|Pricing, Fees & Promotions:positive"
google_play:47e71e16-cf5a-4614-ab43-8dfc4b7bbc7e,google_play,5,,"excellent, great delivery, very fast, I now use all the time 😊",2026-05-03 23:29:57,GB,diner,positive,False,True,Delivery Time & Tracking:positive
google_play:dafa36a7-3b91-481c-b880-e7c70648206f,google_play,5,,Delicious & Tasty my fave 😁👍❤,2026-05-04 00:04:37,GB,diner,positive,False,True,Food Quality & Safety:positive
google_play:f2f881e6-5929-497a-8c34-ef8a6c15351a,google_play,5,,easy to navigate a lot or restaurants to pick from,2026-05-04 01:21:01,GB,diner,positive,False,True,App Reliability & Usability:positive
google_play:d0049847-1eec-47ab-a0ea-d7fbdf0ebbe7,google_play,5,,poggin,2026-05-05 01:58:46,GB,diner,positive,False,True,
google_play:1658ad0c-eba7-40f4-8b64-50736a2473b0,google_play,1,,over an hour and a half for delivery on a monday night not good enough,2026-05-05 02:36:56,GB,diner,negative,False,True,Delivery Time & Tracking:negative:2
google_play:ae5b303e-1701-4601-859c-af99920ea381,google_play,5,,good,2026-05-07 01:01:07,GB,diner,positive,False,True,
google_play:34ebf47f-33d8-47d2-9b54-1b88278782cb,google_play,5,,"delicious food, good service very friendly",2026-05-07 21:22:43,GB,diner,positive,False,True,Delivery Driver Conduct:positive|Food Quality & Safety:positive
google_play:460f254b-5a49-452d-af59-a41a3d890627,google_play,1,,My order was never picked up and never delivered even though my money has neen taken. My money has not yet been refunded also,2026-05-07 21:51:15,GB,diner,negative,False,True,Refunds & Complaint Handling:negative:3|Delivery Time & Tracking:negative:3
google_play:57459dbd-057f-4c4c-aeb2-6e7249d901df,google_play,5,,Easy to use intuitive app,2026-05-08 23:01:48,GB,diner,positive,False,True,App Reliability & Usability:positive
google_play:0ef326f5-1804-4c36-8c0d-cef60846f01f,google_play,5,,Great,2026-05-08 23:03:18,GB,diner,positive,False,True,
google_play:098034dc-935d-41dd-aa63-7065a7d5a86e,google_play,1,,keeps on telling the restaurant I have put a time in when I haven't could be some kind of hack and you need to check your app i think,2026-05-09 01:10:35,GB,diner,negative,False,True,App Reliability & Usability:negative:2
google_play:180e2a26-72ef-4a59-a134-b49c4183963d,google_play,5,,my son is a regular here food is incredible,2026-05-09 04:17:29,GB,diner,positive,False,True,Food Quality & Safety:positive
google_play:e5666faa-a285-4e1d-9256-5a29e9b80860,google_play,5,,very easy using your food hub app. my first time very easy big thanks,2026-05-09 20:33:35,GB,diner,positive,False,True,App Reliability & Usability:positive
google_play:5669dd36-6401-4a05-be51-e85a4227ed4f,google_play,5,,fantastic food kebabs are lush,2026-05-09 23:46:38,GB,diner,positive,False,True,Food Quality & Safety:positive
google_play:ba8656d3-7bd0-46db-be22-b02577c59870,google_play,5,,"Superb, easy to use, fast delivery, just what you need after a few beers on a Saturday night",2026-05-10 02:10:05,GB,diner,positive,False,True,Delivery Time & Tracking:positive|App Reliability & Usability:positive
google_play:def19d44-b186-4568-81fd-385886884f69,google_play,1,,do not help when you've not received your food,2026-05-10 03:13:58,GB,diner,negative,False,True,Refunds & Complaint Handling:negative:3
google_play:690a6968-4a21-414a-8592-7f9b46683167,google_play,5,,really good. although I always have to order peas or sauce which is wasteful because I don't eat them,2026-05-10 21:28:11,GB,diner,positive,False,True,App Reliability & Usability:negative:1
google_play:57db1a1b-87b6-4b9c-b06a-8215630bd653,google_play,3,,"Will not remember my card and sometimes freezes up with white screens, but it gets me my din dins",2026-05-10 23:14:45,GB,diner,neutral,False,True,App Reliability & Usability:negative:2|Payments & Checkout:negative:1
google_play:d6aed582-b046-4466-a34e-edceac3e7793,google_play,5,,"Very good App, very straight forward and easy to use!",2026-05-11 00:28:36,GB,diner,positive,False,True,App Reliability & Usability:positive
google_play:4f29c1d7-8f93-4b67-9b44-0c6a9c37f374,google_play,2,,Etas are wrong for delivery. When you request update on wheres my order it gives another ETA that's already passed,2026-05-11 02:49:59,GB,diner,negative,False,True,Delivery Time & Tracking:negative:2
google_play:dbb13a7c-f18f-4856-ad46-1317bcf89f01,google_play,3,,"Says 20% off on orders over £20 for a specific takeaway, only on selected items, but I get absolutely no inkling as to what items it applies too. I'm not searching through a whole menu just to find what's been discounted, just tell me on the front page of the takeaway.",2026-05-11 04:05:44,GB,diner,negative,False,True,"Pricing, Fees & Promotions:negative:1"
google_play:8b41e67a-dd89-4b2b-b9e6-8c25ef73b951,google_play,5,,there quick to deliever,2026-05-11 22:31:00,GB,diner,positive,False,True,Delivery Time & Tracking:positive
google_play:55be267e-e761-4b51-bdae-55e23a4286fd,google_play,1,,I would give it a minus the app takes my order but keeps reversing backwards to re order useless app,2026-05-13 01:21:36,GB,diner,negative,False,True,App Reliability & Usability:negative:2
google_play:b5a3259f-b348-4f88-9f86-40ce4dd4bcd3,google_play,1,,blocked 🚫 my account because a did a charge back on my card for a restaurant that was closed but foodhub took the payment and marked as delivered scammers Avoid at all costs. it wasn't UK pizza a ordered from it was fire and feast which you took payment for but the takeaway was shut so yes a did a charge back to get my money back a will just use another food platform and Avoid foodhub scammers,2026-05-13 20:14:33,GB,diner,negative,False,True,Refunds & Complaint Handling:negative:2|Restaurant Listings & Trust:negative:3
google_play:d7b6fc9d-6610-4b2c-836c-c1406ff54725,google_play,1,,poor customer service,2026-05-14 05:09:23,GB,diner,negative,False,True,Refunds & Complaint Handling:negative:1
google_play:97921535-0a74-4153-9f14-23da692bed5c,google_play,1,,the app continuously logs me out when placing orders.,2026-05-15 21:24:09,GB,diner,negative,False,True,App Reliability & Usability:negative:2
google_play:03ab7a79-0d3c-48c9-aca0-0c6920f2fa6f,google_play,5,,great,2026-05-15 22:32:53,GB,diner,positive,False,True,
google_play:fc780e87-5146-46f6-98a0-d502577b5adb,google_play,5,,"its my first time ordering from this restaurant. The food was fresh, tasty and great value, will definitely go back",2026-05-16 02:00:11,GB,diner,positive,False,True,"Pricing, Fees & Promotions:positive|Food Quality & Safety:positive"
google_play:2e28d886-c96c-4258-8d47-82a6385521de,google_play,5,,easy to use,2026-05-17 00:51:22,GB,diner,positive,False,True,App Reliability & Usability:positive
google_play:2b5f645e-b20d-4b59-aa54-c1ff14b65c51,google_play,1,,can't fetch my location,2026-05-21 18:54:09,GB,diner,negative,False,True,App Reliability & Usability:negative:2
google_play:515a2fdf-ca60-43b9-b09a-e9a30b8bde8c,google_play,1,,£10 for delivery is wild,2026-05-22 23:41:27,GB,diner,negative,False,True,"Pricing, Fees & Promotions:negative:2"
google_play:579de62c-4010-4d66-b040-c38ec3fca322,google_play,1,,orders always deleted or not accepted refund always received but not immediate therefore you have to have 3 times the cost of a takeaway in bank to use this app and also prepare to be starving and angry... the orders arent cancelled immediately. not fit for purpose,2026-05-25 05:22:44,GB,diner,negative,False,True,Refunds & Complaint Handling:negative:2|App Reliability & Usability:negative:2
google_play:b6a9341c-0135-408e-8068-32a0f79091ae,google_play,1,,"Nothing works on the flash sale, and when reported customer service try and state its for individual items when it clearly isn't. Not sure I will ever use again",2026-05-25 23:05:50,GB,diner,negative,False,True,"Refunds & Complaint Handling:negative:2|Pricing, Fees & Promotions:negative:3"
google_play:2011afb2-ed63-4a5a-9a8d-07b1ffa0950b,google_play,1,,Can't leave reviews it's so awful the,2026-05-27 03:00:45,GB,diner,negative,False,True,App Reliability & Usability:negative:1
google_play:6548a265-b890-48c3-a77d-799a61f913cf,google_play,5,,"the prices on food hub are fantastic, me and my partner spent £26 on a Chinese between us where as id I'd ordered from my local just it'd be double for just curry rice and spring rolls maybe lemon chicken. the app is easy to use and the customer service ate fantastic and so helpful !",2026-06-02 23:58:59,GB,diner,positive,False,True,"Refunds & Complaint Handling:positive|App Reliability & Usability:positive|Pricing, Fees & Promotions:positive"
google_play:a67fd790-6fb0-4fef-b93d-7eb07b2cb7df,google_play,1,,ordered food but my order has been put through for the next day,2026-06-10 00:14:31,GB,diner,negative,False,True,Order Accuracy:negative:3
google_play:8f623b95-f732-4571-95ab-35a06ec3c039,google_play,5,,brilliant,2026-06-13 02:23:26,GB,diner,positive,False,True,
google_play:8b3a7c5e-58cb-4817-86bd-7335f9795986,google_play,3,,"even though a not bad app,where has your order gone,i would like to see what is happening with order,preparing,cooking and on its way etc,just sat waiting and not knowing if it is even getting prepared.",2026-06-13 21:43:40,GB,diner,negative,False,True,Delivery Time & Tracking:negative:2
google_play:7e68fdfc-b9f3-4d51-83fc-0eeb24d8ad07,google_play,1,,"Mouldy food delivered but Foodhub only offer partial refunds (less than half), spent hours talking to staff who are simply rude time wasters who offer no real help. We ended up with food poisoning from just a bite of the food and we paid for the courtesy! Had previously left five star reviews as I've used them for years with no issues, but this is inexcusable, you've lost a very good customer.",2026-06-16 15:07:09,GB,diner,negative,False,True,Refunds & Complaint Handling:negative:3|Food Quality & Safety:negative:3
google_play:35c9ae77-af61-4baa-9da9-c156f34984e0,google_play,5,,always a deal ..I like that .,2026-06-16 21:00:14,GB,diner,positive,False,True,"Pricing, Fees & Promotions:positive"
google_play:6c9a1fab-72cb-4404-aab2-497ae58cae1e,google_play,5,,top,2026-06-17 06:10:35,GB,diner,positive,False,True,
google_play:cdf295d0-6533-413e-8e2d-3a4cdcc98fe5,google_play,5,,excellent home made pizza base. delicious pizza and garlic bread. burgers are also very tasty. moist and soft buns. very happy with the service of top pizza,2026-06-18 20:40:16,GB,diner,positive,False,True,Food Quality & Safety:positive
google_play:2e92ece2-969c-4e7e-93cb-fbd558eb6f64,google_play,5,,easy to order and find what I like,2026-06-18 21:45:41,GB,diner,positive,False,True,App Reliability & Usability:positive
google_play:4c91cc95-e332-4df7-9e85-2a5980093661,google_play,4,,easy to order and lots of choices,2026-06-18 23:15:33,GB,diner,positive,False,True,App Reliability & Usability:positive
google_play:3048d9ef-81ca-49cb-bed1-a7fb6f19c512,google_play,3,,last order not delivered. Have to wait 5 days for a refund???!,2026-06-19 22:01:10,GB,diner,negative,True,True,Refunds & Complaint Handling:negative:2|Delivery Time & Tracking:negative:3
google_play:93d2bd0e-8076-44c2-95c0-4071ea9cc62e,google_play,5,,Good,2026-06-21 01:27:15,GB,diner,positive,False,True,
google_play:66931152-6b33-4409-8233-87cd8c4c742a,google_play,5,,"Quick and easy to use, if ever a problem, it has been sorted quickly",2026-06-21 22:42:18,GB,diner,positive,False,True,Refunds & Complaint Handling:positive|App Reliability & Usability:positive
google_play:ded33d59-e783-4a87-8183-f33f8d8aa013,google_play,5,,great app,2026-06-21 22:56:09,GB,diner,positive,False,True,
google_play:2e366acf-ff5f-4f99-a2bb-6e4a7c92cfc3,google_play,5,,food was lovely and early.,2026-06-22 22:30:06,GB,diner,positive,False,True,Delivery Time & Tracking:positive|Food Quality & Safety:positive
google_play:5ad926bb-6b29-4b02-ac11-18941a656dd4,google_play,5,,easy & quick,2026-06-23 00:56:54,GB,diner,positive,False,True,App Reliability & Usability:positive
google_play:4c6e109c-12a7-436d-9418-c226db5ae1e4,google_play,5,,good taste,2026-06-25 02:02:03,GB,diner,positive,False,True,Food Quality & Safety:positive
google_play:9cc31f29-dcbd-4c87-92a0-c03f2d60a7d2,google_play,1,,absolutely not interested when things go Pete Tong,2026-06-26 00:12:15,GB,diner,negative,False,True,Refunds & Complaint Handling:negative:2
google_play:e3e90f2d-61e2-46d4-b391-9b8472f2c414,google_play,5,,decent,2026-06-26 20:48:50,GB,unknown,positive,False,True,
google_play:0ab220d6-243d-4eab-8903-748749b27b67,google_play,5,,easy way to order food and cheaper than other apps,2026-06-26 23:54:24,GB,diner,positive,False,True,"Pricing, Fees & Promotions:positive|App Reliability & Usability:positive"
google_play:3e983589-4caa-45ff-941c-366774342a18,google_play,5,,Food Very Good,2026-06-27 01:25:23,GB,diner,positive,False,True,Food Quality & Safety:positive
google_play:de904cc9-199e-4f83-a442-68e53b88b7e9,google_play,5,,easy to use x,2026-06-29 00:28:05,GB,diner,positive,False,True,App Reliability & Usability:positive
google_play:908b5c57-da3f-4d67-9d94-1f984c41a5d3,google_play,1,,Foodhub allows restaurants to use multiple different profiles for the same restaurant. This is fraud and unfair on honest businesses who chose to do business with this untrustworthy company.,2026-06-30 17:33:37,GB,partner,negative,False,True,Restaurant Listings & Trust:negative:3
google_play:24228213-bcd7-4442-a18b-727c0d32d0a9,google_play,1,,Foodhub is where all the poor quality 'restaurants' go. Avoid if you don't want food poisoning.,2026-06-30 23:26:04,GB,diner,negative,False,True,Food Quality & Safety:negative:3|Restaurant Listings & Trust:negative:2
google_play:878d36de-81e7-4547-9c9f-1f3a91a9e22b,google_play,5,,Great experience so far easy to place an order and it also keeps your last order just in case you want that again.,2026-07-01 22:23:15,GB,diner,positive,False,True,App Reliability & Usability:positive
google_play:3e826be5-68ce-4502-a10e-4d90f4c3424c,google_play,5,,"easy to use, prices great",2026-07-01 23:47:16,GB,diner,positive,False,True,"Pricing, Fees & Promotions:positive|App Reliability & Usability:positive"
google_play:ab3e18c9-6b5e-4c22-a3f4-b1ac1429a8f5,google_play,5,,so much better than just eat,2026-07-03 20:23:30,GB,diner,positive,False,True,Competitive Comparison:positive
google_play:d55512a9-ed91-4fcb-a998-0c4a60029ab9,google_play,5,,"oustanding from mustafa at commonwealth takeaway...proper nice donner meat,homemade chips and the sauces are delish..best in the area....massive 5 stars ☆☆☆☆☆",2026-07-04 01:57:29,GB,diner,positive,False,True,Food Quality & Safety:positive
google_play:583fa227-e884-4c2e-a42b-b0c15eb1b5b8,google_play,5,,very good 👍,2026-07-04 18:42:05,GB,unknown,positive,False,True,
google_play:b9865fe6-dd89-40b2-92f5-e91117e8ca05,google_play,5,,easy to use and clean design,2026-07-05 22:29:50,GB,diner,positive,False,True,App Reliability & Usability:positive
google_play:e6b59c7d-4316-43d3-ab98-532970182e0a,google_play,5,,great service,2026-07-06 02:52:13,GB,diner,positive,False,True,
google_play:5daca5df-a927-4c6d-878a-b7b2e64cc8b4,google_play,5,,the app works great and the service on collection is second to none,2026-07-07 00:31:23,GB,diner,positive,False,True,App Reliability & Usability:positive
google_play:8c3a8658-f91d-4853-b08f-ca907b1b141f,google_play,5,,quick and easy,2026-07-07 13:23:52,GB,diner,positive,False,True,App Reliability & Usability:positive
google_play:53ca7434-391b-4ca5-8ec2-bc750efa5cad,google_play,5,,lovely food.,2026-07-08 00:03:02,GB,diner,positive,False,True,Food Quality & Safety:positive
google_play:5658f36f-cd69-42e6-8242-1f78cb4450af,google_play,1,,terrible. customer service is none existent. live chat doesn't work. want a refund? good luck.,2026-07-11 04:07:15,GB,diner,negative,False,True,Refunds & Complaint Handling:negative:3
google_play:591fb822-2423-4837-8487-44191ca728dd,google_play,1,,"cant sort or filter for allergies, the allergy filters from other apps are bad but at least they are there. Also you cant even search for a specific dish, the search only tries to find the name of restaurants. Completely useless app compared to all their competitors.",2026-07-12 23:34:15,GB,diner,negative,False,True,App Reliability & Usability:negative:2
google_play:4ce2a902-df47-4400-a59e-ee6e856d7df0,google_play,1,,Absolutely appalling company. I suspect most of these app reviews are fake. See photos on my Google maps review,2026-07-13 22:03:33,GB,diner,negative,False,True,
google_play:5254e7dd-aeae-49ac-b9e7-f78afabe33e0,google_play,1,,awful. wont let you put your correct address in or log in from the account you want to use,2026-07-13 22:33:55,GB,diner,negative,False,True,App Reliability & Usability:negative:2
google_play:3fd4d486-7939-4927-92c6-111e52119688,google_play,1,,they just making there penny's off local delivery save yaself the money missing from account with no food delivered to ringing up basically a bot app,2026-07-14 05:31:46,GB,diner,negative,False,True,Refunds & Complaint Handling:negative:2|Payments & Checkout:negative:3|Delivery Time & Tracking:negative:3
google_play:9e305a95-7207-45a8-adc4-8e37e65b616d,google_play,1,,"Looking at it from both sides, the merchant side as well as the customer side, as with many of the current reviews already in place, it really does seem as if this company is a scam. it has taken so many attempts just to reach members of their team to support their services. and every time we have had meetings, their promised follow-up is never completed. It's scary to even think one would want to do business with them at any level. unfortunately not a good co. Stay away customer or merchant.",2026-07-14 23:31:02,GB,partner,negative,False,True,Refunds & Complaint Handling:negative:3|Restaurant Listings & Trust:negative:3
google_play:588101a9-ff83-4d72-bdad-7f5c6f38dce2,google_play,5,,"I love this , it makes ordering food so easy.",2026-07-17 11:13:00,GB,diner,positive,False,True,App Reliability & Usability:positive
google_play:7986fa5d-0b71-4364-95ad-dc7fb5e715de,google_play,5,,very straight forward.,2026-07-18 21:44:41,GB,diner,positive,False,True,App Reliability & Usability:positive
google_play:11b945c1-dd41-4959-b9ce-832df218fbd0,google_play,1,,absolutely shocking customer service had rotten old food sent out and only refunded me £4 for a £12 meal happy to take your money not happy about giving it back when the takeaway gives you rotten food,2026-07-19 01:29:13,GB,diner,negative,False,True,Refunds & Complaint Handling:negative:2|Food Quality & Safety:negative:3
google_play:c0fac351-23c9-49f4-84d4-f144cfd5bdc4,google_play,5,,excellent,2026-07-19 04:20:43,GB,diner,positive,False,True,
google_play:0048911b-f67e-4808-82fd-ba8236507a3f,google_play,5,,Recently I ordered a takeaway and after the order went through the restaurant rang me and said that they didn't have what I ordered. I cancelled the order. I received confirmation from the restaurant and Foodhub that my order had been cancelled. Immediately after that I got an email from Foodhub saying that my money had been returned to my account. Excellent service.,2026-07-19 12:20:49,GB,diner,positive,False,True,Refunds & Complaint Handling:positive
google_play:39b1d579-5f1e-487f-b570-94652a0defd3,google_play,5,,easy. peasy,2026-07-19 15:13:29,GB,diner,positive,False,True,App Reliability & Usability:positive
google_play:ce7443cf-0bd3-4246-a46c-6584cb1e82f1,google_play,5,,no problem at all,2026-07-21 23:57:43,GB,diner,positive,False,True,
google_play:b96c9abb-9170-495b-a2fd-7552bb03b56e,google_play,5,,"great easy to use app, food always on time",2026-07-23 00:28:57,GB,diner,positive,False,True,Delivery Time & Tracking:positive|App Reliability & Usability:positive
google_play:dcf913fd-7a4a-4cf1-a083-94ceb1b515de,google_play,5,,easy to use,2026-07-23 01:23:25,GB,diner,positive,False,True,App Reliability & Usability:positive
google_play:3da6da99-d9fc-4e3d-ac86-d2616660688c,google_play,4,,very quick and always enjoy eating the food,2026-07-25 01:02:29,GB,diner,positive,False,True,Food Quality & Safety:positive|Delivery Time & Tracking:positive
google_play:6cdc966b-ec7f-4206-b11a-ebfd2736f029,google_play,5,,Good app,2026-07-25 01:14:10,GB,diner,positive,False,True,
google_play:4d96dabf-574d-4e4d-bd4f-b4264f79a2b1,google_play,1,,"Ever since I got the app, it has failed to find my location and I can't use it🙌🙌🙌",2026-07-25 14:57:08,GB,diner,negative,False,True,App Reliability & Usability:negative:2
google_play:18022c0a-6e09-4337-a2b2-ff959bf69dcb,google_play,5,,"super app! For feedback. The ""Cook Instructions"" we add. Could this be auto delete after order? I keep forgetting to remove it and the next takeaway is getting my previous cook instructions.",2026-07-25 18:42:58,GB,diner,positive,False,True,App Reliability & Usability:negative:1
google_play:86601277-b498-4dfc-9ff5-ed074bf0812c,google_play,5,,good 👍,2026-07-25 22:39:58,GB,diner,positive,False,True,
google_play:5d6bfb2d-ed21-4a21-8359-10bca3c80408,google_play,4,,Good reliable but missing lots of good restaurants on other apps where I am and incentives to use. almost always only on to order from later in afternoon too and cant see any paypal credit support. world cup game was fantastic though.,2026-07-26 22:29:20,GB,diner,positive,False,True,Payments & Checkout:negative:1|App Reliability & Usability:positive
google_play:3ff9d963-019b-46e8-8c61-1683f218052a,google_play,5,,always easy to order.,2026-07-28 00:02:30,GB,diner,positive,False,True,App Reliability & Usability:positive
google_play:291f4a06-121e-49d7-9e58-4a1878af7c6e,google_play,1,,takes my money instantly. but takes 3-5 days to refund an order if the place cancels my order.,2026-07-28 23:17:17,GB,diner,negative,False,True,Refunds & Complaint Handling:negative:2
google_play:e3b7a141-9c4d-4fe2-9f85-30461ce25509,google_play,5,,very good,2026-07-31 20:47:52,GB,unknown,positive,False,True,
google_play:650c88e8-0997-4223-a414-e2e23252d2c3,google_play,4,,easy to use and pay,2026-08-01 21:56:37,GB,diner,positive,False,True,Payments & Checkout:positive|App Reliability & Usability:positive
google_play:3c3c63d1-842d-4cba-9f1e-a3d85a373306,google_play,5,,fast delivery and excellent food.,2026-08-01 22:09:00,GB,diner,positive,False,True,Food Quality & Safety:positive|Delivery Time & Tracking:positive
google_play:231a79ee-d778-49da-b905-4b80a3e9beaa,google_play,4,,good,2026-08-03 00:56:38,GB,diner,positive,False,True,
google_play:ece27e04-f40b-47c5-a47a-0d9164722ace,google_play,5,,life savers,2026-08-03 23:17:27,GB,diner,positive,False,True,
google_play:595e6d55-8c97-49c9-a97f-ad2e133cb9dd,google_play,1,,"Unprofessional, no order was delivered. Scammers! No resolution. Avoid.",2026-08-04 00:55:28,GB,diner,negative,False,True,Restaurant Listings & Trust:negative:3|Delivery Time & Tracking:negative:3
google_play:894a5245-9e94-47ab-95f5-82f45c4b485f,google_play,1,,"Very disappointing experience with Spicy Kitchen. My £55 order did not arrive, but instead of a proper resolution I was only offered a £27.85 voucher. The way my complaint was handled was frustrating and unprofessional. I was contacted by Spicy Kitchen and later spoke with a manager named Arnim, but my issue was not resolved and I did not feel properly supported. Poor customer service and a very disappointing experience.",2026-08-04 01:13:03,GB,diner,negative,False,True,Refunds & Complaint Handling:negative:3|Delivery Time & Tracking:negative:3
google_play:c060a6b4-43ba-40be-90ec-97f16a9faa4a,google_play,4,,always easy to navigate . sometimes the tracking is a bit off,2026-08-04 21:09:46,GB,diner,positive,False,True,Delivery Time & Tracking:negative:1|App Reliability & Usability:positive
google_play:7adc6fc8-95ef-4975-b1e9-be156d86f662,google_play,5,,good app not excessive delivery and service fees like other apps,2026-08-04 23:46:58,GB,diner,positive,False,True,"Pricing, Fees & Promotions:positive"
google_play:e6293dbf-6d60-49ae-88ae-ddc89b995c7a,google_play,5,,Great,2026-08-05 00:12:44,GB,unknown,positive,False,True,
google_play:f6878f42-4165-41fa-816b-4691644bda0f,google_play,4,,does the job,2026-08-05 00:57:09,GB,diner,neutral,False,True,
google_play:43a64530-13ef-449a-b0d1-2b464521aba9,google_play,5,,"Not had my food yet ,but app so easy and quick was a wonderful meal having again today as well so added review",2026-08-05 21:55:43,GB,diner,positive,False,True,Food Quality & Safety:positive|App Reliability & Usability:positive
google_play:08b8b950-c84b-4b79-bd2d-c1098cb4beb9,google_play,5,,all good easy to use.,2026-08-05 22:05:40,GB,diner,positive,False,True,App Reliability & Usability:positive
google_play:7efa0d42-62c7-46be-ad6a-b8d0563d82e6,google_play,4,,"use to be really good, since there's been an update on it, it doesn't load the page where ""the chef accepts the order"" so now I don't even know if my food order has gone through and I can't even track it, sort it out and you get 5 stars 🙂,",2026-08-06 21:37:52,GB,diner,negative,True,True,Delivery Time & Tracking:negative:2|App Reliability & Usability:negative:2
google_play:e9962a01-e47e-42d3-973d-544301192fda,google_play,4,,easy to use,2026-08-06 23:15:41,GB,diner,positive,False,True,App Reliability & Usability:positive
google_play:00796ea7-d189-446c-a645-7559680c422a,google_play,5,,easy to order from great selection of place too,2026-08-06 23:23:05,GB,diner,positive,False,True,App Reliability & Usability:positive
google_play:df599d8d-4ecc-49e5-bb35-c4677cd332e0,google_play,5,,best takeaway going in leyland always spot on and the gravy is the best also never had a bad meal from here,2026-08-07 04:15:34,GB,diner,positive,False,True,Food Quality & Safety:positive
google_play:f69760f3-0bd0-4264-bc11-48386fc69169,google_play,5,,perfect,2026-08-07 21:03:39,GB,unknown,positive,False,True,
google_play:40a497f7-4c8d-493d-bbd9-c152362f5794,google_play,5,,very easy and cheaper then other apps,2026-08-08 09:56:24,GB,diner,positive,False,True,"Pricing, Fees & Promotions:positive|App Reliability & Usability:positive"
google_play:866315aa-5fbb-44d3-af9a-4adbe4356d84,google_play,4,,good,2026-08-08 22:05:37,GB,diner,positive,False,True,
google_play:fe2d2af0-2510-4d5b-a8cb-317d7f6d44a8,google_play,5,,"easy to use, great options and clear.",2026-08-08 22:16:50,GB,diner,positive,False,True,App Reliability & Usability:positive
google_play:dba65739-2298-4073-a637-88cd1b774f0c,google_play,1,,Really annoyed and disappointed. I placed an order through Foodhub last night. Order went through for £34 and then I immediately receive a message saying order cancelled there are no drivers to deliver! Why process my order then and my money which has 100% come out of my bank account! When do I get my money back? You're quick to take it but not return it?! Who do I contact to get it back? The takeaway's phone just cuts you off. It is Tin House in Telford.,2026-08-08 22:48:39,GB,diner,negative,False,True,Refunds & Complaint Handling:negative:3|Delivery Time & Tracking:negative:3
google_play:f4e7adef-e6cd-498f-8ee4-ddc15a5a9c9f,google_play,5,,food came in time piping hot absolutely brilliant driver was polite and pleasant and pleased to make the delivery on time if I could give more than 5 star's I would.,2026-08-08 23:20:44,GB,diner,positive,False,True,Delivery Driver Conduct:positive|Food Quality & Safety:positive|Delivery Time & Tracking:positive
google_play:ea47a817-d883-4f1f-ac89-19560751979e,google_play,5,,great,2026-08-08 23:44:04,GB,unknown,positive,False,True,
google_play:82b4f8e5-9789-4567-9d66-be4188fc0895,google_play,5,,Easy to order cheap delivery fee,2026-08-09 01:23:16,GB,unknown,positive,False,True,
google_play:dbcfaf83-cd2e-4753-98c6-c1fb9974cb7d,google_play,4,,really cheap service charge shame it dont have mc Donald's or burger king,2026-08-09 02:36:18,GB,diner,positive,False,True,"Pricing, Fees & Promotions:positive"
google_play:b8a93685-194e-487f-bf04-1be89a75ecb2,google_play,5,,very good,2026-08-09 22:47:14,GB,diner,positive,False,True,
google_play:0b4075df-9676-433f-b4e1-b3b4acaafdcc,google_play,5,,excellent service anf food always..highly recommended,2026-08-10 21:01:07,GB,diner,positive,False,True,Food Quality & Safety:positive
google_play:b4aa4b1f-ae10-4cec-858d-fa4c6d39a0bc,google_play,5,,"It always ok a free item would be nice, having spent a lot of money recently and always tipped the driver...",2026-08-10 23:29:15,GB,diner,positive,False,True,"Pricing, Fees & Promotions:neutral"
google_play:482ffc0b-fba9-497e-860b-0264da4f4b1a,google_play,5,,Great options and prices,2026-08-11 22:24:04,GB,diner,positive,False,True,"Pricing, Fees & Promotions:positive"
google_play:34f9398f-3f97-45df-90b1-87a38d5d7513,google_play,2,,ok,2026-08-13 02:10:09,GB,diner,neutral,False,True,
google_play:38ff0a09-b1cc-4c53-86a3-99d25b06dc1a,google_play,5,,Very good app to order food but for some foods it doesn't have pictures now idk if the pictures come from the ordering place or food hub itself but otherwise it's good,2026-08-13 02:19:25,GB,diner,positive,False,True,App Reliability & Usability:negative:1
google_play:8c1d4315-a898-4e45-8246-deae15c4bae7,google_play,5,,Wonderful customer service,2026-08-13 02:50:24,GB,diner,positive,False,True,Refunds & Complaint Handling:positive
google_play:4902cd3a-58d6-4fbe-b145-659163ae4f54,google_play,5,,"Aye canny, used for quite a while now and never had any issues. Cheaper than Just Eat, better discounts at takeaways too",2026-08-13 17:59:20,GB,diner,positive,False,True,"Pricing, Fees & Promotions:positive|Competitive Comparison:positive"
google_play:c933abb3-ed9f-4470-ab09-c7d3153817b6,google_play,5,,easy to order. the only thing they dont have the option for combination kakab like chicken shish and lamb shish together has one. i had to phone it through. there is few other bits that you have to call through.,2026-08-14 00:09:41,GB,diner,positive,False,True,App Reliability & Usability:negative:1|App Reliability & Usability:positive
google_play:9fcf3e71-3699-471d-bee5-776332039f41,google_play,1,,"Let's you place orders with restaurants that are closed. Opening times listed incorrectly. Refunds take 5 days. Tracking is shocking, cannot track order. Rubbish, do not download.",2026-08-15 07:33:09,GB,diner,negative,False,True,Delivery Time & Tracking:negative:2|Refunds & Complaint Handling:negative:2|Restaurant Listings & Trust:negative:3
google_play:0b517326-130b-42d3-ab1d-8164f51ba9a0,google_play,5,,easy to use,2026-08-15 22:29:10,GB,diner,positive,False,True,App Reliability & Usability:positive
google_play:3cf7459c-9388-4dfe-813e-d35e9431b3db,google_play,5,,Very good so far. No issues at all,2026-08-16 02:12:01,GB,diner,positive,False,True,
google_play:f72c4e55-ebcc-4d53-84b2-bd9e6b579a6f,google_play,5,,I didn't see any adds god my orderee my food just like that arrives hot lovely and tasty 10/10,2026-08-16 21:21:43,GB,diner,positive,False,True,Food Quality & Safety:positive
google_play:2004bf9f-3c55-45c6-91d5-339022cc6aaa,google_play,4,,all went well 8,2026-08-16 23:34:06,GB,unknown,positive,False,True,
google_play:a24a083c-56ee-4fb7-b130-befa4c24bd10,google_play,5,,👍 always easy,2026-08-16 23:58:44,GB,diner,positive,False,True,App Reliability & Usability:positive
google_play:1e39499d-0c4c-4104-a5b4-aab84c3bb693,google_play,5,,easy,2026-08-17 01:33:25,GB,diner,positive,False,True,App Reliability & Usability:positive
google_play:ed1bf738-901a-4d7d-bcf8-e271d601f716,google_play,5,,Quick and easy,2026-08-18 21:05:44,GB,diner,positive,False,True,App Reliability & Usability:positive
google_play:135cf8a4-0b68-490e-a6ca-dff1f953f489,google_play,1,,the app doesn't work,2026-08-18 21:28:03,GB,diner,negative,False,True,App Reliability & Usability:negative:2
google_play:91bf924d-bd2a-4bf9-80fb-e11964bc6800,google_play,5,,excellent service,2026-08-18 21:32:46,GB,diner,positive,False,True,
google_play:6ec15fb2-83f0-4a84-be3f-290fe048a2f4,google_play,5,,"Food hub has a more personal feel to it. If there is a query about my order, or they have run out of something , the shop always calls to discuss options.",2026-08-18 23:01:12,GB,diner,positive,False,True,Refunds & Complaint Handling:positive
google_play:a6724b21-ff3a-4ce0-95e8-bf9c4acc8e2a,google_play,5,,cant complain 😌,2026-08-20 21:35:20,GB,diner,positive,False,True,
google_play:c201f9af-5932-4e25-9b17-92c129b4a3ac,google_play,5,,"never a problem, order and food delivered early, luv this app",2026-08-20 22:44:02,GB,diner,positive,False,True,Delivery Time & Tracking:positive
google_play:59391173-08ff-4461-9196-2a4feca78cb8,google_play,5,,easy to use great menu,2026-08-21 01:50:29,GB,diner,positive,False,True,App Reliability & Usability:positive
google_play:8ef75d29-08e0-42a5-b1a9-971b145fceda,google_play,5,,better than just eatt,2026-08-21 06:13:05,GB,diner,positive,False,True,Competitive Comparison:positive
google_play:7afa213b-9f2a-42f1-9fc1-f3882e7f2aea,google_play,4,,easy to order,2026-08-21 20:50:44,GB,diner,positive,False,True,App Reliability & Usability:positive
google_play:11e8dc71-77d7-444d-b867-c7440998d759,google_play,3,,was ok,2026-08-23 00:10:47,GB,diner,neutral,False,True,
google_play:a4d02da6-feed-4e2d-8ff8-9dfdb4035f74,google_play,1,,"The app tells you food is being cooked and is out for delivery when that isn't the case, it clearly just goes based on the estimated delivery time rather than getting updates from the resteraunt. Waited 30 minutes for an order to arrive with the app telling me it was en route, then called the resteraunt and they hadn't even recieved the order.",2026-08-23 01:31:39,GB,diner,negative,False,True,Delivery Time & Tracking:negative:2
google_play:e41ca57c-bbe5-42c1-abf5-81381f954d9d,google_play,5,,delicious kebabs best in Nottingham,2026-08-23 03:49:39,GB,diner,positive,False,True,Food Quality & Safety:positive
google_play:711260e9-878b-478b-974a-103f8201931a,google_play,5,,"easy to use, menu clear and quick checkout! 👍🏻",2026-08-23 05:26:48,GB,diner,positive,False,True,Payments & Checkout:positive|App Reliability & Usability:positive
google_play:b8f92e2f-c06e-47d7-be47-29f29ec1767d,google_play,4,,great app clear and concise,2026-08-23 20:12:34,GB,diner,positive,False,True,App Reliability & Usability:positive
google_play:41d5e799-f52f-46f5-8414-9e3021634bd2,google_play,2,,"app is ok, customer support is very poor.",2026-08-24 02:25:41,GB,diner,negative,False,True,Refunds & Complaint Handling:negative:2
google_play:ee36ee72-3220-4bf4-b2ba-dece5533e83b,google_play,5,,great food,2026-08-24 23:19:34,GB,diner,positive,False,True,Food Quality & Safety:positive
google_play:5ff533a3-49cc-4dd5-b8fe-f6c0e655090a,google_play,5,,"Easy enough to use, navigate, and plenty too choose from.",2026-08-27 23:00:33,GB,diner,positive,False,True,App Reliability & Usability:positive
google_play:93a3474c-54d7-437c-9d81-f63f18f2a78b,google_play,2,,"app don't work properly, I can't see my order, I just see white screen",2026-08-28 00:14:28,GB,diner,negative,False,True,App Reliability & Usability:negative:2
google_play:900af0df-78ab-4b67-9123-ed91edb1f7b4,google_play,5,,Excellent Value Excellent Service,2026-08-28 21:54:39,GB,diner,positive,False,True,"Pricing, Fees & Promotions:positive"
google_play:672d524f-528a-4ac2-8807-2cd4c702b6d0,google_play,5,,Excellent service and I can always find what I want. Highly recommend,2026-08-28 23:29:14,GB,diner,positive,False,True,App Reliability & Usability:positive
google_play:2ebaec47-4f63-4fde-b03f-995797523785,google_play,5,,Very good so far.,2026-08-29 21:47:58,GB,diner,positive,False,True,
google_play:43a9b06c-0b0a-427f-a01f-7d894e7f60b4,google_play,5,,easy to use loads of good restaurants,2026-08-30 00:54:50,GB,diner,positive,False,True,App Reliability & Usability:positive
google_play:1a32bd33-19fb-4d20-b6dd-27753365ed46,google_play,5,,excellent love food and fast delivery,2026-08-30 01:40:06,GB,diner,positive,False,True,Delivery Time & Tracking:positive|Food Quality & Safety:positive
google_play:397c8bec-9204-4628-bf11-abf636b672ca,google_play,5,,better prices,2026-08-30 03:56:32,GB,diner,positive,False,True,"Pricing, Fees & Promotions:positive"
google_play:18ea5bb5-b90d-4ab2-8a15-49c8921ab7aa,google_play,5,,"easy to use, quick",2026-08-30 22:42:00,GB,diner,positive,False,True,App Reliability & Usability:positive
google_play:a84bef55-3ce0-4b9f-a834-bf13bca3f03a,google_play,5,,nice and easy app to use,2026-08-30 23:08:03,GB,diner,positive,False,True,App Reliability & Usability:positive
google_play:31a2afa3-75ac-4fff-93db-3c6ef86dfb98,google_play,1,,Well this app is dead compared to the others 😂,2026-08-31 14:42:41,GB,diner,negative,False,True,App Reliability & Usability:negative:1
google_play:a305e8e3-e802-44c8-bead-951d598cbd7a,google_play,5,,Press buttons and someone brings food. What's not to love 😘,2026-08-31 22:18:18,GB,diner,positive,False,True,App Reliability & Usability:positive
google_play:c4cb8464-2d8c-4138-a16a-4b6ceb95856e,google_play,5,,easy to use,2026-08-31 22:54:48,GB,diner,positive,False,True,App Reliability & Usability:positive
google_play:2883d5bc-4686-44cf-a5de-523ece5d9178,google_play,4,,Always works,2026-09-01 21:43:43,GB,diner,positive,False,True,App Reliability & Usability:positive
google_play:327dac2b-af29-4a2f-a18a-8a0220baf4bf,google_play,2,,"App is easy to use, but no live tracking for orders",2026-09-03 00:11:11,GB,diner,negative,False,True,Delivery Time & Tracking:negative:2|App Reliability & Usability:positive
google_play:05c6d4d5-6729-4717-b86c-c11f07c54bf1,google_play,3,,it's ok. need more takeaway options though.,2026-09-03 21:35:45,GB,diner,neutral,False,True,
google_play:3b0fe9ae-a14c-4a10-8617-1901ffd92817,google_play,5,,so quick & easy to order on this new updated app,2026-09-04 20:26:57,GB,diner,positive,False,True,App Reliability & Usability:positive
google_play:81f33d56-929c-4030-a401-8830d210fafc,google_play,5,,Hubba Hubba,2026-09-04 23:16:28,GB,diner,positive,False,True,
google_play:ebc59aea-f3f0-4638-9b65-f1f9f867b185,google_play,5,,Great first experience,2026-09-05 00:51:05,GB,diner,positive,False,True,
google_play:57c5f07d-137a-4c4d-8098-834a8b30ffb5,google_play,1,,fake businesses on here. on multiple accounts some businesses have taken the money and not issue refunds nor have cancellation procedure up and running. When collecting they will send you on a wild goose chase just to get rid of you. fake zesto Chinese in Sunderland operate under the zesto pizza shop who have moved location and have previously done the same with a greek takeaway call fatziki. all a scam to get your money with no contact or refunds.,2026-09-05 01:48:22,GB,diner,negative,False,True,Refunds & Complaint Handling:negative:3|Restaurant Listings & Trust:negative:3
google_play:7e5b78c1-693d-4e08-8341-1ef43cfc91e9,google_play,5,,good,2026-09-05 18:33:42,GB,diner,positive,False,True,
google_play:490aed56-d6f5-4113-b40e-83ba0f5e292c,google_play,5,,"App works well, no problems.",2026-09-05 23:40:27,GB,diner,positive,False,True,App Reliability & Usability:positive
google_play:acf867bd-31c4-4b36-86a8-6d95637b1f93,google_play,5,,no trouble ordering,2026-09-06 00:08:17,GB,diner,positive,False,True,App Reliability & Usability:positive
google_play:c0d73af7-d239-4208-a4a2-11cb4f127ce6,google_play,5,,"Brilliant,super easy to order & all very clear",2026-09-06 00:45:18,GB,diner,positive,False,True,App Reliability & Usability:positive
google_play:78bfe5d3-8799-4cb6-a114-8e9f9335086d,google_play,5,,all good,2026-09-06 12:17:47,GB,diner,positive,False,True,
google_play:da744769-69c4-44f2-9398-39662a7d5354,google_play,5,,excellent service,2026-09-06 20:37:53,GB,diner,positive,False,True,
google_play:37d7ea49-cd23-43fe-b9cd-4b2ed22ebbfd,google_play,5,,amazing,2026-09-09 05:27:13,GB,diner,positive,False,True,
google_play:fb3fc19e-d010-46bc-abe6-4bb58345c1ae,google_play,5,,Easy and fast,2026-09-10 02:50:13,GB,diner,positive,False,True,App Reliability & Usability:positive
google_play:1d4044fb-cfb9-4337-894b-312de06a559b,google_play,5,,easy to order as usual,2026-09-11 00:08:26,GB,diner,positive,False,True,App Reliability & Usability:positive
google_play:07b91b0d-8f48-4582-b536-66f9b3ccad5e,google_play,5,,great to use,2026-09-11 00:34:23,GB,diner,positive,False,True,
google_play:6165bad9-9263-4896-88e0-2c73dfca50ba,google_play,5,,easy and straightforward,2026-09-11 22:04:51,GB,diner,positive,False,True,App Reliability & Usability:positive
google_play:2baeaced-1046-4203-b42b-039e6e62d824,google_play,5,,Great,2026-09-12 00:30:18,GB,diner,positive,False,True,
google_play:f22ebdd1-7a36-473b-94d0-a184b270990e,google_play,5,,brilliant 👍,2026-09-12 04:02:28,GB,unknown,positive,False,True,
google_play:f14b564a-235a-40d6-b45b-1d27ac2c98c5,google_play,5,,Great app easy and intuitive,2026-09-12 22:22:08,GB,diner,positive,False,True,App Reliability & Usability:positive
google_play:5c123dfd-5424-48a0-a655-1b53752c10f8,google_play,5,,"better than just eat,",2026-09-13 22:16:32,GB,diner,positive,False,True,Competitive Comparison:positive
google_play:14c52d81-910d-465e-ae62-3fd55eff151e,google_play,2,,"slow, doesn't let you change payment methods, payment page is really confusing with the return to the order page making you think that you've either ordered twice or not at all",2026-09-13 23:05:28,GB,diner,negative,False,True,Payments & Checkout:negative:2|App Reliability & Usability:negative:2
google_play:96804a4c-b37f-42a1-a0f1-af66b3c7ea8b,google_play,5,,fantastic,2026-09-14 04:01:24,GB,diner,positive,False,True,
google_play:dfcd1860-95d5-4d01-87ae-79f3e1eacea4,google_play,5,,Does exactly what it says in the description 👍 review still stands 14 September 2026 ❤️ Heyyyy foodhub lifetime free orders please ? Only kidding but yep review still stands. Keep up the great work.... 💪,2026-09-15 00:38:40,GB,diner,positive,False,True,App Reliability & Usability:positive
google_play:9a9062e5-6de2-48f8-89db-ea2f40f30dbd,google_play,5,,Best UI design,2026-09-15 14:20:14,GB,diner,positive,False,True,App Reliability & Usability:positive
google_play:df3bfa61-7682-45b4-811d-d41b20f5d6c5,google_play,5,,great value for local menu,2026-09-15 16:18:23,GB,diner,positive,False,True,"Pricing, Fees & Promotions:positive"
app_store:14557128997,app_store,5,The steeple chippy,Awesome as always,2026-09-16 21:50:05,GB,diner,positive,False,True,
app_store:14557205745,app_store,5,Always good,Always good and on time.,2026-09-16 22:13:20,GB,diner,positive,False,True,Delivery Time & Tracking:positive
app_store:14557224446,app_store,5,Food,Great app got all the best local takeaways and apps easy to use,2026-09-16 22:19:00,GB,diner,positive,False,True,App Reliability & Usability:positive
app_store:14557287188,app_store,5,Food,Excellent service lovely food a lovely fresh salad. There kabab’ are there are delicious,2026-09-16 22:38:23,GB,diner,positive,False,True,Food Quality & Safety:positive
google_play:3f43154f-3cc8-46c7-8621-5050ec38ef05,google_play,3,,seamless and straightforward. simples.,2026-09-17 00:21:59,GB,diner,positive,True,True,App Reliability & Usability:positive
google_play:f8105215-3987-4793-ac76-3610956b01e4,google_play,5,,"Good app, the foods good too, great service. No problems.",2026-09-17 03:02:01,GB,diner,positive,False,True,Food Quality & Safety:positive|App Reliability & Usability:positive
app_store:14558217149,app_store,5,H,5 stars,2026-09-17 04:06:50,GB,unknown,positive,False,True,
app_store:14561065347,app_store,5,Always delicious,Food always arrives boiling hot and delicious 😁,2026-09-17 22:14:53,GB,diner,positive,False,True,Food Quality & Safety:positive
app_store:14561231073,app_store,5,Best Chinese,"Lee’s Kitchen is the best Chinese kitchen in Bedford, always excellent tasing food customised to requirements as necessary",2026-09-17 23:06:56,GB,diner,positive,False,True,Order Accuracy:positive|Food Quality & Safety:positive
app_store:14561341463,app_store,5,Easy,"Good food, no hassle",2026-09-17 23:42:43,GB,diner,positive,False,True,Food Quality & Safety:positive
app_store:14561548157,app_store,5,Excellent,Excellent service as always,2026-09-18 00:52:28,GB,diner,positive,False,True,
app_store:14561588971,app_store,5,Mr Kevin Hawkins,Easy to order on line. Now just waiting to eat my beef burger with chicken strips and chips for my dogs.,2026-09-18 01:06:43,GB,diner,positive,False,True,App Reliability & Usability:positive
app_store:14561589152,app_store,4,Very good,Very good,2026-09-18 01:06:47,GB,diner,positive,False,True,
google_play:19490fe0-2a09-4d95-a139-3c5b39e45a1f,google_play,5,,amazing 👏 Aaaa+++++ highly recommended 👌 💯 %,2026-09-18 07:29:49,GB,diner,positive,False,True,
app_store:14564139620,app_store,5,Dinner,Always enjoy,2026-09-18 18:17:21,GB,diner,positive,False,True,
app_store:14564539149,app_store,5,Great quality food and plenty of it 👍🏻👍🏻👍🏻,Using Foodhub guarantees you get great service with food arriving within a set time and it is always fresh and piping hot. Well worth using the app 👍🏻 Staff and drivers are very helpful and friendly. You even get a text a few minutes before the food is delivered,2026-09-18 20:11:31,GB,diner,positive,False,True,Delivery Driver Conduct:positive|Food Quality & Safety:positive|Delivery Time & Tracking:positive
google_play:1907fd24-d602-4d15-b03a-ce7b2d294a48,google_play,5,,great app fast delivery for the food,2026-09-18 21:00:25,GB,diner,positive,False,True,Delivery Time & Tracking:positive
app_store:14564884614,app_store,5,A lot better than just eat,100% better,2026-09-18 21:50:11,GB,diner,positive,False,True,Competitive Comparison:positive
app_store:14564916425,app_store,5,Missing food,Cold food too,2026-09-18 21:59:47,GB,diner,negative,True,True,Food Quality & Safety:negative:2
app_store:14565068366,app_store,5,Tasty Mac’s,Fab!!!!,2026-09-18 22:46:07,GB,diner,positive,False,True,
google_play:f263f5a1-c6b7-4abb-8d74-66f47a5df25f,google_play,5,,easy to order,2026-09-18 22:47:45,GB,diner,positive,False,True,App Reliability & Usability:positive
app_store:14565125331,app_store,5,Good,Very nice,2026-09-18 23:04:14,GB,diner,positive,False,True,
app_store:14565126132,app_store,5,Unique,Very good food sound quick delivery,2026-09-18 23:04:29,GB,diner,positive,False,True,Delivery Time & Tracking:positive|Food Quality & Safety:positive
app_store:14565287544,app_store,5,Very convenient,No problems so far.,2026-09-18 23:56:51,GB,diner,positive,False,True,
app_store:14565292376,app_store,5,Excellent app,"Excellent app, easy to use and a wide range of takeaways!",2026-09-18 23:58:25,GB,diner,positive,False,True,App Reliability & Usability:positive
google_play:0750659e-a060-419b-ac6e-78a25f166da7,google_play,2,,always take payments more than once watch out,2026-09-19 00:26:41,GB,diner,negative,False,True,Payments & Checkout:negative:3
app_store:14565724375,app_store,5,So easy to use,Amazingly easy to use,2026-09-19 02:29:41,GB,diner,positive,False,True,App Reliability & Usability:positive
google_play:caa83c42-9f36-4037-a325-948a36ffd46c,google_play,5,,love this takeaway,2026-09-19 21:17:27,GB,diner,positive,False,True,
app_store:14568888568,app_store,5,Red Chilli,"So easy to order , and good prices",2026-09-19 21:41:38,GB,diner,positive,False,True,"Pricing, Fees & Promotions:positive|App Reliability & Usability:positive"
app_store:14569055385,app_store,5,Simple to use,A good app clear and easy to use with a good list of options,2026-09-19 22:30:17,GB,diner,positive,False,True,App Reliability & Usability:positive
app_store:14569173729,app_store,5,Amazing,Always amazing quality good violes from scratch,2026-09-19 23:05:39,GB,diner,positive,False,True,Food Quality & Safety:positive
google_play:b8120043-25ee-4b19-80ac-e47b9a581c34,google_play,5,,easy to use,2026-09-19 23:21:25,GB,diner,positive,False,True,App Reliability & Usability:positive
app_store:14569243888,app_store,5,Easy as chips,Order done and ready in 15 minutes good service will recommend,2026-09-19 23:27:18,GB,diner,positive,False,True,Delivery Time & Tracking:positive
app_store:14569254958,app_store,5,Best pizza,Best pizza in town!! ⭐️⭐️⭐️⭐️⭐️,2026-09-19 23:30:40,GB,diner,positive,False,True,Food Quality & Safety:positive
app_store:14569303401,app_store,1,DO NOT USE,"Shocking service, 2 orders in a row only because they would refund the first one with a Foodhub coupon. 1st one I received a half eaten kebab 2 hours late. 2nd I never received what I ordered and spent 3 hours to get a resolution as Foodhub take no responsibility and tell you to contact the store who have no control and you just go round in circles trying to get your money back",2026-09-19 23:45:41,GB,diner,negative,False,True,Refunds & Complaint Handling:negative:3|Order Accuracy:negative:3|Delivery Time & Tracking:negative:2|Food Quality & Safety:negative:2
app_store:14569319179,app_store,5,Order,Easy to use,2026-09-19 23:50:38,GB,diner,positive,False,True,App Reliability & Usability:positive
app_store:14569444038,app_store,5,Better than just eat easy,So easy to use! No rip off fees like just eat! Foodhub is king.,2026-09-20 00:30:49,GB,diner,positive,False,True,"Competitive Comparison:positive|Pricing, Fees & Promotions:positive|App Reliability & Usability:positive"
app_store:14569482825,app_store,5,Food hub easy.,Fast and easy order.,2026-09-20 00:43:24,GB,diner,positive,False,True,App Reliability & Usability:positive
google_play:b033be5e-1922-46fe-9edd-96724cb91171,google_play,1,,why isn't there a cash option like just eat have,2026-09-20 00:56:42,GB,diner,negative,False,True,Competitive Comparison:negative:1|Payments & Checkout:negative:1
app_store:14569837706,app_store,5,Grill house pelton,Great staff and amazing food definitely recommend,2026-09-20 02:48:58,GB,diner,positive,False,True,Food Quality & Safety:positive
app_store:14569947034,app_store,4,The Don,The Shiz,2026-09-20 03:31:29,GB,unknown,positive,False,True,
google_play:01250e7c-7243-4aa3-be1b-fbc97cdbfc86,google_play,5,,Best Takeaway Food App,2026-09-20 05:46:21,GB,diner,positive,False,True,
google_play:353e01a4-de4a-4a36-ae1a-5a282d9d1001,google_play,5,,great app,2026-09-20 21:00:17,GB,diner,positive,False,True,
google_play:67244b23-11c0-4c03-a943-c7cf6a09c733,google_play,5,,Easy to use. No problems ever.,2026-09-20 21:36:54,GB,diner,positive,False,True,App Reliability & Usability:positive
app_store:14572999765,app_store,5,Good App,East to use app,2026-09-20 22:15:53,GB,diner,positive,False,True,App Reliability & Usability:positive
google_play:9c94a6c7-ba25-4814-ad9b-28f71c736542,google_play,5,,Good,2026-09-20 22:43:10,GB,diner,positive,False,True,
google_play:c20cbca9-847d-46ec-a90a-b731d71f8758,google_play,5,,easy to use,2026-09-20 23:12:29,GB,diner,positive,False,True,App Reliability & Usability:positive
app_store:14573540973,app_store,5,Tracking,The tracking should be better. Between cooking and delivered there should be a section saying on the way,2026-09-21 01:00:21,GB,diner,negative,True,True,Delivery Time & Tracking:negative:1
app_store:14573651025,app_store,5,No other compares! 😋,I have used foodhub for many many years. And I wouldn’t change my take away provider for anyone else! Hands down the best selection of take aways and most importantly the CHEAPEST. No ridiculous fees and delivery charges. Just cheap easy to use delicious food everytime and amazing customer service everytime! Thank you foodhub carry on what you’re doing cause you’re amazing!,2026-09-21 01:37:14,GB,diner,positive,False,True,"Food Quality & Safety:positive|App Reliability & Usability:positive|Pricing, Fees & Promotions:positive"
google_play:e1eade23-71c0-4034-ba08-a9517996203b,google_play,5,,just easy with no crazy fees!!,2026-09-21 02:01:35,GB,diner,positive,False,True,"Pricing, Fees & Promotions:positive|App Reliability & Usability:positive"
app_store:14573790275,app_store,5,Mr,Great service,2026-09-21 02:26:25,GB,diner,positive,False,True,
app_store:14576026042,app_store,5,Review,"Love Helz Kitchen, the homemade soup is amazing x",2026-09-21 17:59:44,GB,diner,positive,False,True,Food Quality & Safety:positive
app_store:14576707715,app_store,5,Siam,Perfect as always,2026-09-21 21:24:15,GB,diner,positive,False,True,
app_store:14576730587,app_store,5,Food hub,Love this app always deals Or discounts always check this app first now,2026-09-21 21:31:09,GB,diner,positive,False,True,"Pricing, Fees & Promotions:positive"
app_store:14577190764,app_store,5,Great - always great food,"Food is always hot, tasty and a go to for takeaway",2026-09-21 23:54:29,GB,diner,positive,False,True,Food Quality & Safety:positive
app_store:14579524272,app_store,5,Impressed,Great food and early too!,2026-09-22 15:55:40,GB,diner,positive,False,True,Delivery Time & Tracking:positive|Food Quality & Safety:positive
app_store:14580433056,app_store,5,Food excellent,Excellent food x,2026-09-22 20:42:09,GB,diner,positive,False,True,Food Quality & Safety:positive
google_play:ac439b08-b07b-4573-ae7d-9e52417193b9,google_play,5,,very good,2026-09-22 21:13:08,GB,diner,positive,False,True,
app_store:14580591842,app_store,5,Food,Nice food order all the time 😀,2026-09-22 21:29:27,GB,diner,positive,False,True,Food Quality & Safety:positive
app_store:14580734545,app_store,5,Best of the best,Always friendly with awesome delicious banging burgers and perfect pizzas.,2026-09-22 22:12:56,GB,diner,positive,False,True,Food Quality & Safety:positive
app_store:14580829391,app_store,5,Efes,Fantastic service and great food  speedy delivery too 😜,2026-09-22 22:42:46,GB,diner,positive,False,True,Delivery Time & Tracking:positive|Food Quality & Safety:positive
app_store:14581068421,app_store,5,Excellent,Only app I use now never any issues,2026-09-23 00:01:40,GB,diner,positive,False,True,App Reliability & Usability:positive
app_store:14581109882,app_store,5,Yum Yum Pizza,As good as it always is…!!! Been comin here for sometime now never let me down & food is always gorgeous many many fanx CHRIS 👍,2026-09-23 00:15:31,GB,diner,positive,False,True,Food Quality & Safety:positive
app_store:14581166229,app_store,5,Amazing customer service,Had a few issues with one of the restaurants. Food was not good at all. Spoke with Foodhub via chat. Send them photos of the food and an explanation. Full refund credited to my Foodhub account within minutes. Really can’t fault Foodhub. Will be using them over other delivery apps in future.,2026-09-23 00:34:31,GB,diner,positive,False,True,Refunds & Complaint Handling:positive|Food Quality & Safety:negative:2
google_play:fb8bbd59-fbf5-457f-9619-a956c87b77ca,google_play,5,,"Enzo, Newtown. foods is always amazing.",2026-09-23 01:59:54,GB,diner,positive,False,True,Food Quality & Safety:positive
app_store:14581530793,app_store,5,Review,Amazing service and always quick delivery from wherever i get my food from,2026-09-23 02:46:17,GB,diner,positive,False,True,Delivery Time & Tracking:positive
app_store:14582111312,app_store,4,Hamza RATHORE Ahmed,"Amazing food, I can’t survive without karams",2026-09-23 06:30:59,GB,diner,positive,False,True,Food Quality & Safety:positive
